PC1,PC2,PC3,PC4,PC5,PC6,Target,samples
-1.3000316968154682,35.200971276549666,-21.74973950065402,-9.444752487370664,-5.0142562238680615,-1.9651294041328113,0,sample_1
56.05717760013838,13.626496157324755,-5.116101013127939,-17.371568990156142,-4.240199687235192,-9.883051824677201,1,sample_2
-9.801966528711345,28.558717337568275,-8.153870278706128,-7.602325416121729,10.317595196325033,-22.71707451585481,0,sample_3
63.3597229323729,7.565880846366198,-6.5580683457630204,-25.412749374626486,15.57147963216289,-22.743654759898654,1,sample_4
-9.95487417368502,33.400619862154635,-26.719705773411455,-16.874279439638865,19.05873306783399,-19.1610413603087,0,sample_5
30.254015775494437,28.214392158259006,-26.889380234211,-31.65577278834261,-3.8512191343015183,-14.387127909850026,1,sample_6
6.794824091351534,35.70710665141585,-32.89866615672373,-14.097166695757798,-14.452702503546409,6.287139156926625,0,sample_7
58.98526290181663,13.076870580167844,-10.536878850511375,-20.74834159166423,-2.528195367542421,-8.918741034115664,1,sample_8
0.41466954422493335,40.512908948315115,-33.07139834874055,-13.260794687135519,-24.13861509989371,9.066849708569343,0,sample_9
69.7064184642081,18.577237436698613,-20.996022039881527,-28.76625448190023,-25.3444035698329,3.467384170655009,1,sample_10
4.056474125330353,31.236323004475167,-24.776416350283174,-7.312195638342058,-6.69130293105048,-6.050896542925608,0,sample_11
73.09755430655893,8.835133975764391,-2.923226232695128,-30.364192409429936,5.74261814024065,-22.06203001626779,1,sample_12
-16.974274969887993,27.283934660501345,-5.39931958979496,-2.4817497754595323,33.549027158893765,-28.894684724930308,0,sample_13
48.218929682747024,13.320365229038247,3.407591687247999,-17.5716966843483,14.620742858838275,-22.606498630811586,1,sample_14
-8.715345062234995,39.75074723561894,-29.02971381473539,-18.50371636062604,4.3473191215312585,-4.8099805626202965,0,sample_15
39.12893047824785,22.083680835454704,-11.468367823833795,-28.850299664703645,-0.23753066194013264,-15.186378632475952,1,sample_16
-4.567373791500952,40.015018785063134,-26.910274399341898,-17.268964112046305,-14.076202044335904,-2.849487147687188,0,sample_17
38.86510826835838,30.811084864738827,-25.09616618058514,-31.31529808971141,-20.373389911260745,-0.27886862084247216,1,sample_18
-3.5339991292347808,37.03681451633032,-20.6137290599344,-14.024264946074506,-9.77885365111738,-5.02315949719122,0,sample_19
38.48039458309182,25.62944185544266,-17.426226029117657,-26.977872177478414,-14.327620875702287,-12.63237840317218,1,sample_20
-10.544628870275929,30.99092008882844,-14.82255515408341,-6.111933065433833,6.220538805643253,-12.86311192017689,0,sample_21
39.06764313473436,12.98578614716965,0.016638714793351512,-14.483535540792328,17.962185676582177,-24.07203324221855,1,sample_22
3.3057774961015536,24.266879300840653,-11.919414453846572,0.11976599204623303,11.824877462448624,-17.66947172540421,0,sample_23
45.404853505510175,10.928787911561544,-1.7076678572918487,-16.146676709234587,16.00816269400198,-22.511922624363788,1,sample_24
-5.018994017229401,31.01214440955344,-13.30620141187306,-12.021804655568825,10.76655644302183,-10.888177232720619,0,sample_25
52.075433136821395,7.355727326453365,3.0076848131115983,-20.443211014471597,16.84672212556678,-24.983502714214744,1,sample_26
-8.080963933503968,29.828260114139113,-13.07850950149124,-6.105034199021593,8.59471342311997,-9.921002531947515,0,sample_27
26.395051461430374,20.111535983595793,-6.817953727769292,-11.034210729482206,11.632019394499862,-14.696352781033381,1,sample_28
-13.064844009698662,25.71386835940742,-9.41209909437967,-4.175985023227739,28.71995272313367,-28.89852029727232,0,sample_29
23.87649592024822,15.204490794108596,-4.92961384151539,-9.237732921019743,23.943306282985915,-27.484457109127735,1,sample_30
-7.689684429113726,32.52447296064424,-18.890073188411016,-10.044582576675454,-2.2043388604413865,-14.31586157740915,0,sample_31
30.844714222615533,18.444877568687392,-8.653562927695313,-13.623657716537599,-1.7080481658966231,-18.23523133352687,1,sample_32
-12.7266133335624,30.647052541906234,-20.068098615112593,-21.087827673986336,8.802095732543659,-15.202789318409211,0,sample_33
66.78526911764531,0.5493016815424394,0.07332803755613661,-36.32735111495322,26.614783799512786,-29.26681480796659,1,sample_34
-11.29522906299483,26.51083724276091,-18.23120848531307,-13.464095984219906,14.139100908205284,-22.779367374133102,0,sample_35
31.661405771708633,12.291562440756351,-4.080550941259889,-24.638976596071082,10.92338139613631,-30.959874870358554,1,sample_36
-11.159350689860416,31.818720338145276,-19.369475751162334,-15.502126862069119,7.652309979392008,-18.01780427889276,0,sample_37
64.26317948001214,8.713606922409154,-3.8829967499477753,-39.20441514819404,12.36088079422297,-25.777161158493374,1,sample_38
-16.64918144754547,33.78901418226249,-21.698046972290598,-17.384727087123533,20.58733565316401,-27.431571816541368,0,sample_39
40.441664019919266,15.215657974210837,-8.106219822542712,-24.343557819742827,3.613219777965394,-26.989548666900042,1,sample_40
-3.3436462864353524,37.87383221921626,-29.528285429326534,-20.343006692432397,-14.791785680684729,5.433738794067809,0,sample_41
39.01542449433023,21.716872026796135,-15.758856699939148,-30.02456690755509,-6.9490108387690315,-6.329657616867433,1,sample_42
-15.634672908632531,39.33066422958825,-23.507851587804396,-19.091607030508868,-8.616396637272176,-8.77386619407612,0,sample_43
35.84384606527885,16.705220570457456,-8.02204237564744,-20.523353469728647,-7.58437885113252,-12.383675136980942,1,sample_44
-20.2728476665051,24.57208606344414,-6.080454241721674,-14.72597012872172,27.827794916084432,-21.12393025755701,0,sample_45
41.81047607094393,10.961441521392976,-3.9364944495042637,-27.675184069607997,21.645283903483968,-25.451832165990844,1,sample_46
-17.34516609922953,32.380720442291796,-19.099506428508597,-17.751349363236834,22.11762460695146,-15.859049004692608,0,sample_47
41.26417657078488,16.4650718590548,-11.660348191441594,-27.241089976741904,4.114062440379843,-16.632673207506404,1,sample_48
-8.194270115205207,32.1222208776616,-21.30804752926565,-20.575229829951265,2.310253867683248,-12.294948496479032,0,sample_49
49.33884459265967,10.715391498423568,-4.863645728939249,-34.82200769767832,13.427919217632208,-17.641511098077647,1,sample_50
-10.36527054564375,34.18389287639547,-25.130114516283047,-21.354101366627958,4.215483703945308,-15.401670176165483,0,sample_51
47.26805401209761,11.30143891051382,-8.356638067030358,-37.83629778092391,21.602782831556933,-28.807322397488566,1,sample_52
-4.239660197897472,34.16393810528049,-30.498858477550147,-21.413491687405884,0.6776772786867965,-9.515641813328266,0,sample_53
47.048368726166174,14.037473466980325,-11.025731235197567,-33.11811144089232,9.501825141134413,-19.029691154030523,1,sample_54
-9.974437502654013,40.634173325266424,-25.031167969043203,-20.83833888944589,-20.327233958152124,6.488907475050184,0,sample_55
29.67018906586667,21.45317066335283,-11.640257389740555,-30.01874836772742,0.9319881268654878,-6.403402851956946,1,sample_56
-8.254959473548622,28.906485934778253,-19.40365282473246,-20.71421047904944,9.857638408407945,-18.680754328328568,0,sample_57
44.30090102306465,16.27010737163775,-13.12670685630003,-37.77547193178332,13.958866843917114,-19.053550549615313,1,sample_58
-15.82152210176664,30.114040300307476,-20.119006816447126,-21.40636785639684,21.11759903141158,-25.48932579063433,0,sample_59
48.1318236878036,8.42050191322953,-7.67789687603132,-34.36577672138243,20.962797726157316,-25.830606196112353,1,sample_60
-7.963565946740282,39.14302757393362,-24.836572821689614,-16.95329547572871,-10.574750647921594,1.6494385659872712,0,sample_61
33.01548595495409,27.562244761897425,-15.564735283391531,-23.91437791572746,-26.924616728756995,0.3398182075563208,1,sample_62
-6.0812006264982665,35.99460582805015,-27.236427539684794,-15.192165694015506,-5.022650101218539,-3.82704951915623,0,sample_63
64.40832673177023,10.64406249077557,-6.818089711282205,-35.478699228641425,3.9010917392254734,-18.475646471049146,1,sample_64
-4.319348085167535,33.60096964499473,-5.169928269330498,15.337296503111917,-14.491666663633168,-8.415872806847133,0,sample_65
30.962645453022386,14.421198473622898,13.019263090368932,36.254034471988575,0.710929601258425,-12.653806688483865,1,sample_66
-13.906318001888362,36.822403927245865,-2.5996347530217605,7.507643682079248,-9.88227293174304,-13.124819214842276,0,sample_67
51.99004888510592,14.931932796238911,11.784917398975702,-9.318748725742937,-2.2383341077378263,-23.630403571250405,1,sample_68
-21.36468391058909,37.316014671080204,-3.406347607233089,6.933418048539974,-12.577137543425652,-11.173012547719317,0,sample_69
30.584613666924717,17.840616415914383,16.094855319731586,-5.016734483680904,3.7193058876818768,-26.87677155091216,1,sample_70
-17.314249912922467,36.456684893292085,-4.9148556113156365,6.392337082697801,-13.040997284680355,-3.2737953401112754,0,sample_71
28.489450006565303,18.479151282876423,6.7669750833144855,0.5636976517315525,-14.024412526691805,-13.113981798262866,1,sample_72
-10.145272560515403,31.62871288898418,-0.8380948929372197,16.113982462310975,-22.600857413781096,-6.338665899972666,0,sample_73
38.703117377195994,14.202581305802026,4.929557079098458,7.6223004662134,-24.126828015163635,-7.407545092500725,1,sample_74
-15.261704885086017,31.251628093585552,-0.5792243189893836,11.89475490177863,-7.196730474677441,-15.843197924796899,0,sample_75
53.720637069606504,-1.5916654743503833,11.140797908538623,44.76987548676412,-5.413932372222172,-2.571693184919139,1,sample_76
-22.528334857343765,34.489744876457536,13.483986135409932,19.93954302643628,-9.67765766510394,-16.91922819810706,0,sample_77
24.972064892839636,22.22472110846238,15.49535736354978,7.518295184238212,-6.3800622580411295,-21.686331078257957,1,sample_78
-27.105315604846655,36.75627037525549,15.943766322704017,19.98900937225737,-4.795458282569756,-23.479932634058176,0,sample_79
67.71469218695498,6.625362363610067,24.365212404952434,-13.190217317146054,7.507243549349566,-29.9749445074979,1,sample_80
-17.895415484168595,33.01351336451918,5.502046631060544,15.732547001443839,-13.812099810492134,-9.071654446290662,0,sample_81
17.96298135482025,23.226119156470297,15.811641711892673,2.191835260338851,1.171963700890532,-18.58149832128109,1,sample_82
-15.054377120422537,33.709698346403776,8.64481316404309,22.79263061861766,-4.782044737295789,-21.561429060018934,0,sample_83
53.05897861641778,13.93669831573218,7.845438209302959,8.23968522144647,-12.70732058704749,-13.673689057394897,1,sample_84
-8.495777938360222,31.09419394871225,-3.9755861523767266,14.68431026744276,-15.497680409327808,-6.893164618557835,0,sample_85
46.92809108500038,3.5540132340450747,6.349569452066618,42.44554849258136,-11.404925533886438,2.54917000515103,1,sample_86
-17.054395707978156,30.988937931437324,10.066521763679617,14.815599808420739,-5.97282322411551,-17.75875314324689,0,sample_87
25.83158798834234,16.808541883103974,19.071331739738515,4.768623033538492,4.320713285254972,-26.4696872340645,1,sample_88
-27.269269756650687,30.012005599141492,16.681235617282876,13.245014254597699,12.885352416558113,-32.261088413700314,0,sample_89
17.90258596176913,18.719135773245828,22.991741037964278,-0.4215278048870983,14.669619943028819,-34.77891874746736,1,sample_90
-23.666608957651984,32.4873252715915,3.337601100681609,9.414222728279846,-8.64119539358522,-13.507482215450832,0,sample_91
49.05779375611067,0.17574349996972968,17.11375781332589,44.3681252467672,-10.600409485591754,-5.641129519473891,1,sample_92
-30.231029399387634,32.69813882662302,15.455627670419297,10.904800872440783,19.886062639792595,-35.966411923255336,0,sample_93
20.941525235675606,18.446351244382736,17.480679030284158,7.759810294786571,8.520127623575412,-25.094658433363197,1,sample_94
-37.00732198133036,38.97213240231221,16.228125216724976,14.586576540367572,10.79973094728344,-27.827720442542375,0,sample_95
23.08851107298271,17.3737076845725,19.454455809901866,9.388940066243356,11.091729776860847,-26.51714126241541,1,sample_96
-31.886241254507944,35.08109743574944,15.312061459436483,6.083535293101096,20.01136934464919,-35.027254715035255,0,sample_97
53.67196205263907,-0.6172541640430752,15.728086135007812,40.6829610290503,4.330240745401745,-7.2864258046866635,1,sample_98
-14.409654683120397,28.84060576358143,8.994961872206446,14.171973357290543,3.2974224388908575,-23.597464828290764,0,sample_99
16.5048313640277,18.351848130202946,20.74973567247286,7.092201410783531,2.779411591295524,-26.825955851766764,1,sample_100
-28.043462756262542,36.43603520939397,9.213136849454267,8.988315773838705,0.8022054079401147,-23.716414214218418,0,sample_101
36.01343215265043,12.950278354389214,24.845204143067722,0.3133397779007562,10.941303760148864,-30.847539268782732,1,sample_102
-40.87484164543391,37.87192174579324,15.966624617344616,2.0053928263819274,31.375573526997357,-38.70575165760966,0,sample_103
56.56033909671745,-2.1854190803568936,10.996803038414145,42.98081162599584,3.700018401601803,-4.00632243782764,1,sample_104
-11.420590493547211,32.4510339197158,1.2216292623559741,15.066197732880667,-9.281658348334416,-12.749473744508144,0,sample_105
51.132749911927064,4.648340848330997,10.29721718279225,40.043488630036606,-4.853675650874938,-0.9888137225448997,1,sample_106
-23.950004968842237,38.0506228900793,5.9362547248930095,9.301198540448471,18.329576912400636,-36.44220984225551,0,sample_107
25.15754777326016,22.66158216025043,14.927191335099252,-1.3097339540619979,15.263411731420984,-36.67718730317107,1,sample_108
-24.319123546382528,33.28709592697149,17.672791772421302,16.65297002064831,6.538170111150491,-28.523232018119845,0,sample_109
15.808474096924346,23.182552621532057,21.630350364248567,7.6423264889951295,6.860721541745881,-28.887721845816724,1,sample_110
-16.752530121286423,32.136731687469215,5.54326457289195,9.890042411164224,0.28966817107510207,-22.680902187583513,0,sample_111
37.60897260272916,17.856506964139992,7.915701774829396,-6.934531388269145,3.1123994487492794,-23.08847966523965,1,sample_112
-20.538813186235096,37.02418624870647,2.760338514057586,8.941778946201689,-1.4946690878143767,-25.36128071000115,0,sample_113
17.305637485283356,23.279623773849345,12.87463451681971,-0.8602576183316951,4.629916842254505,-30.457646330646078,1,sample_114
-7.54229831700466,32.86448103818831,-4.905142537322325,13.675143120296367,-10.873630317629965,-12.771686044362486,0,sample_115
39.12158839639193,11.497027149385245,4.707840491479794,35.446098985412256,-11.940936406222932,0.0489887520756794,1,sample_116
-20.693089381687667,33.278537150542654,6.0125297103091295,14.289968802938386,0.20179261472315296,-20.216638212201406,0,sample_117
46.960268222957026,13.423301318925844,14.170142459857738,-9.127803889915334,14.456472324055468,-22.742487195216572,1,sample_118
-25.727280248462957,32.45933858885564,15.72377173704525,12.57827097359171,9.189920736070572,-30.3612657626485,0,sample_119
29.615652503816676,11.7498121862861,11.78621235670331,33.133744390522864,7.719580583971545,-10.78916694629999,1,sample_120
-16.10788764569081,32.41970484703061,0.9944909950069538,7.554162837105939,-11.668373153111075,-9.91397590996349,0,sample_121
57.736985589266155,8.730153201521706,12.539218363177234,-6.327179855804096,-4.375976600369857,-16.237789166558667,1,sample_122
-17.82235231784081,32.65627869068239,7.9337982002905365,11.842731156103067,-11.496381058347739,-13.12630344407252,0,sample_123
52.28544223266971,2.2546143894779194,11.364885413177259,42.165633090790635,-9.443666834734831,4.564046860797008,1,sample_124
-14.924502105769514,33.85307361675567,4.4734685707669115,16.705877098354996,-8.940182854683552,-9.240705872921376,0,sample_125
38.49221672717546,17.257045489802096,6.118373132292176,8.741282904967635,-12.367201912070348,-10.791512819126284,1,sample_126
-21.8401435223772,34.427705798886606,7.054331605833153,13.544253098748115,9.64632938086439,-27.374429190798814,0,sample_127
36.93170071145636,18.065986711288094,15.983051917263904,-1.4716625279504791,4.022898063331669,-30.68290182207734,1,sample_128
-26.96386425030283,35.49256393355637,15.739789608911602,14.970878515236596,-4.311916375733283,-15.745767275956023,0,sample_129
57.31916773126943,8.75601603160447,20.51552681603125,-7.222141281591944,6.350605291560458,-23.971604452414734,1,sample_130
-11.295040404655865,30.539525214751794,4.477325112678772,15.765752778058545,-22.92944490182826,-10.651633040218572,0,sample_131
44.272029514493866,11.205086917063042,27.482188646789666,-8.134776901117373,16.812582183719552,-35.252762786215335,1,sample_132
-31.8953529676026,34.659348415672,25.51938746400849,21.75010637820983,6.542347397281,-30.508200640992662,0,sample_133
27.568880118786833,17.949350998391175,23.420421030628546,10.659989270890957,0.8376015526717322,-22.449685634935406,1,sample_134
-25.47307452747012,34.274999412838746,8.675359884082424,4.589418062297363,-6.767244278901895,-10.044160289945056,0,sample_135
39.148468233203786,15.162612589412754,7.664482088676066,-4.498144913251174,-13.363308523742052,-5.744500202579636,1,sample_136
-17.047782590594704,31.62267940013374,2.9245423176774605,8.092863120059059,3.5155348245282463,-23.53093816525665,0,sample_137
23.590768131498855,20.6344137001591,9.19711844148193,-4.091946576492932,7.64342062349848,-25.734779196065602,1,sample_138
-20.11106064185794,34.71244976988913,-2.510336370588036,9.09343310871123,-17.14063369747492,-3.6356509456045467,0,sample_139
38.18436691611908,16.50409304014891,5.4480301587060564,-0.8584198186301972,-15.726070377355143,-7.361354350502476,1,sample_140
-12.788668591981393,27.306350844683834,6.583740388529975,11.187225540722276,8.20588185113404,-24.7196080128881,0,sample_141
44.30584860523739,2.737748221709377,12.437668254866246,37.70009112497977,-0.4997604415075001,-4.653788006778401,1,sample_142
-11.731427209472612,28.17513908621338,3.8677669772202603,17.055172292704572,-22.748134732703438,0.7229699053399085,0,sample_143
49.09751774977851,2.2309778495525485,10.626286573747063,39.46247686738259,-12.292327352698925,7.745909456683758,1,sample_144
-25.33512985146835,30.7246924484956,1.9374201830729532,6.642241285212519,2.574788234276497,-20.41344189337312,0,sample_145
47.68870364792342,8.668654608658143,10.239046852387334,-15.761542667134258,9.109244665717265,-21.98895737965176,1,sample_146
-28.840510122853093,29.56365953653408,2.3836129548732243,1.9341685587109663,6.983161156762002,-20.81092079354934,0,sample_147
38.39424327221141,9.703802694585278,9.220020733438542,-10.412036417369654,3.800457967597575,-21.774112099321602,1,sample_148
-6.9312685876346825,43.171104953989364,-30.70179615175778,-42.34649819762507,-31.27419351495524,51.94017432365888,0,sample_149
47.7632727307796,27.783752356404058,-24.64589655794108,-59.117257469688056,-34.54320711914723,46.86493237701067,1,sample_150
-13.144417469720063,38.31817384466826,-19.9088483332359,-45.443107404154226,-19.204029884779438,47.04029472056223,0,sample_151
51.96996116054018,19.204292856678226,-10.86867532180193,-68.06324220684488,-6.146866580068799,35.578833125563314,1,sample_152
-10.832022174922155,36.9136163203492,-24.47033596568342,-43.62467910075743,-12.189510097997493,31.589020478575584,0,sample_153
46.86627007120195,16.842619325120385,-12.793003636140082,-60.423405997141295,-5.271292392700525,28.465533022087957,1,sample_154
-7.720995553532585,32.05486757269193,-21.597036192246307,-36.82502851834223,-5.392405810006664,36.56547677663669,0,sample_155
50.70772171317484,17.440993077191745,-15.396435221494956,-56.11054680705261,-8.690179545257847,32.02626329787344,1,sample_156
-8.782803906024883,39.046083945931386,-27.195021574366177,-37.74560258881578,-22.200272765944984,42.07977620991032,0,sample_157
51.61827286353038,19.66741938241371,-17.29715717509372,-61.4045113857903,-7.87125403752204,30.23627250148523,1,sample_158
-6.14191022405145,36.437250920148074,-27.433132600556537,-39.527715992933054,-7.380371388159502,38.44043274014469,0,sample_159
22.832794914668415,23.44723114903565,-17.605565168328116,-44.15761139389821,-4.86801777747272,31.20356935267877,1,sample_160
-15.101467154951342,24.81306169335936,-20.848232470023454,-41.21018169139861,10.26812616377923,23.492363850303743,0,sample_161
43.09155799878581,17.272719576001506,-16.042534389376094,-65.65414237288542,-8.702977538298128,31.332437863427977,1,sample_162
-6.042071499358513,33.45257318506169,-26.33803955108938,-39.758946929445905,-12.7705847603275,37.10981166837608,0,sample_163
48.15043357419499,9.554746392353447,-7.8031266040029745,-56.66008443769807,5.579479662529175,22.195470189730248,1,sample_164
-8.396134664783675,37.47862263530551,-26.66627129105333,-35.85376361989468,-14.047466808579058,35.63805850930384,0,sample_165
43.391509157420714,19.522981929730012,-14.285008034423177,-54.225997421859425,-10.708969829163706,29.98004831117414,1,sample_166
-5.463243631398382,35.770790291246286,-26.100747524706573,-40.699589138108784,-22.71359396715544,47.29663317807498,0,sample_167
56.284044900855825,22.85910853699461,-23.30835264501255,-64.68977313577024,-31.59131115853028,48.12140305334469,1,sample_168
-9.340094967836963,34.44224816472405,-22.35967691621948,-33.90897444600644,-4.081970012762406,31.90009700122094,0,sample_169
61.08512410349134,8.842365383192709,-2.697872622327342,-63.6404206066399,7.541516287159366,20.429761591501936,1,sample_170
-10.313639371889368,29.965604663631634,-13.638409143730394,-34.3036968333973,8.481659113232821,18.91608017669814,0,sample_171
35.78240807315362,15.681710342638405,-6.958342559702518,-52.50816574747871,6.416009731293536,16.516664499546476,1,sample_172
-15.999892449771046,38.71820885424662,-29.52533617724302,-45.277848348591164,-2.6544252860476028,32.02564409128417,0,sample_173
29.922049996448003,18.604038217510606,-14.68702679050673,-48.601561016246585,-0.36800691171922273,24.64546305238885,1,sample_174
-7.526982775858459,33.48255996716183,-21.611509992501343,-35.908840685111414,-6.310910008168901,33.36118022012058,0,sample_175
54.425434115618266,7.608444790105657,-3.1943949265955123,-50.970207251272484,6.277599702264031,21.313730086454857,1,sample_176
-13.859177055496472,32.638326566635634,-20.41921502332925,-39.52981556928292,5.7517859941373075,28.482624352910694,0,sample_177
52.19033826596034,16.310460785664635,-15.659852828852154,-56.389320066002824,-14.979170760228852,36.93462974894727,1,sample_178
-20.42880897084579,35.99908466987153,-0.3207917673824033,8.593471972023064,-18.081326557152092,11.112021799069328,0,sample_179
45.17319565764492,13.336796855343668,19.203043063314524,-7.018518749126431,-23.427122824310256,5.767902855334872,1,sample_180
-16.561768041433464,33.455638108957494,11.074998530847003,17.595232832401244,-21.00872217754481,10.107070285286305,0,sample_181
34.735256645028755,11.88903566763656,12.652472668369205,42.14603079781544,-30.972087335301577,21.710528125547434,1,sample_182
-21.908437707367415,35.40627522294851,9.360558847621189,9.244365030019459,-5.32247025331626,-6.139134582422295,0,sample_183
32.01713151308652,14.561894709385019,23.57576222448474,-3.435724207272494,23.64453237840151,-26.43351798299949,1,sample_184
-22.145773710966417,33.63292564590187,6.24026473976781,7.111111120897684,-22.668184316651214,18.867483557349743,0,sample_185
62.130031047443346,12.269252535629427,14.25771710771208,-10.174904426598127,-32.01828494385333,12.664982984690921,1,sample_186
-12.378381563787158,35.68364492074188,-3.7397275443705738,19.386306866893268,-55.27446219048688,24.314280275218913,0,sample_187
-13.672083696216127,36.7983168775429,-9.189277733303985,8.457989829287518,-22.226840287262416,10.513656008226796,0,sample_188
-15.680221815227629,30.847017315614522,6.946879406306219,15.42286896457655,-27.558877654706308,8.700549812440633,0,sample_189
28.71626100378241,18.87657489130651,12.098322657084514,4.408282207239687,-27.830863816993897,6.943092649685108,1,sample_190
-25.37398312755769,38.8533849287085,7.553636255725765,15.761129170404578,-32.52722806049202,13.829395580574714,0,sample_191
37.243195258022524,12.75126224278292,19.590409619654853,7.783656893618488,-4.197935653842586,-6.832090955836888,1,sample_192
-21.235335424416782,32.90108420766856,3.502479662181928,9.065714968246148,-2.4317470731107416,0.3017399945618499,0,sample_193
51.16037610285053,3.1604518042221525,15.663020844239435,38.54969495283086,-10.51443205143891,15.059031122624338,1,sample_194
16.795119106646993,18.95998641719538,15.390328250800804,7.959793156838521,6.3017348315610855,-18.2781514714006,1,sample_195
-21.611264593461506,36.863056978985625,-0.1687255815456658,1.399816362175959,-17.153162266882177,13.365038121419698,0,sample_196
42.37357928026914,15.997859483159392,12.864671555117145,-5.607634925432322,-16.860452431932725,3.9307414361258095,1,sample_197
-22.151340413749878,36.6563698352366,3.5169404429265336,14.064285007391192,-28.76509707551636,10.910354505558773,0,sample_198
34.16295120730716,11.06881234090704,21.519011691047172,2.8571214447391053,-3.035380518594787,-7.39385369573941,1,sample_199
37.959539689391285,12.157382496729532,8.221327177020981,33.67381953026205,-20.404839150041486,9.827808036413742,1,sample_200
28.731246858133716,12.754357002849149,29.428347760826693,-0.22647809047693207,3.9436790082936284,-8.629828445237012,1,sample_201
-36.78774399439265,34.95191774433914,13.525206803764775,5.537849253449335,16.346969966125958,-17.30543015073987,0,sample_202
39.36487082435831,7.731552677511923,14.914521306753358,36.99955606871637,0.25120998325883004,4.3102211973129405,1,sample_203
-25.297880397767294,34.80848925336312,5.685224224307714,4.06322873724885,6.076063499300188,-13.820909166994714,0,sample_204
39.08710925288662,0.3533319840447099,21.711953191993647,40.61626956082673,12.914838799279925,1.0494656764599692,1,sample_205
-36.32265281564854,31.094325215451512,18.92409264716303,9.546624298780626,6.002577370179455,-2.001194531231193,0,sample_206
62.31276200899896,-1.6125453452170904,14.358427079159206,44.02154748074945,-12.09439355871918,14.688324428081865,1,sample_207
-8.089883348695516,27.255875641162945,12.728830742789606,22.458387761635347,-29.398839934965608,13.835465067318596,0,sample_208
58.931421088232796,12.517128424645177,7.155689763226004,3.5111832007892003,-34.68155418661191,11.16438110274342,1,sample_209
-33.14517095063033,37.80918624739238,-2.824254844014506,4.287182557016336,-14.469235342213219,5.185619952555543,0,sample_210
33.70993300954345,17.407216396741408,17.322634760738612,-10.678294052318769,5.583739439179209,-6.309583059867837,1,sample_211
-26.12942430241082,34.36088055370911,-0.751405055732323,1.7219476389432418,10.044133319244992,-7.390049927459971,0,sample_212
55.964794398125065,9.278965415595016,20.32807824550351,-5.50258712179208,-15.140953782456299,-11.822439377355238,1,sample_213
-24.714421809561003,34.673439523940466,2.42707344621775,6.344139622066842,-4.900653850453227,-2.4090009087661626,0,sample_214
42.549608577844985,6.298651635591374,17.104717214295114,35.40007647757171,-6.137563087774593,7.016833479636746,1,sample_215
29.07859883180495,16.736159747132547,20.58598631796496,4.396429849162482,-1.7557699496803636,-10.687037987049637,1,sample_216
-17.168565773358644,39.370494217178916,-6.381316500666869,8.737581813171172,-32.652452753264434,6.531904429304953,0,sample_217
-13.184954226294193,32.710408469890744,-3.1166137643913707,12.955736773471147,-10.756872041414372,-3.3474855335921507,0,sample_218
41.62723265924708,4.654325058929405,15.413523153205519,40.530973533845746,-11.314737784970552,2.2655080713185978,1,sample_219
-15.696155382093057,38.25151013612889,7.548666760768102,16.971079809870588,-39.74011416883396,10.19363272117742,0,sample_220
47.62565801565059,17.010954001241164,11.22359228095044,3.942881096379594,-25.365738922472076,1.197736287861994,1,sample_221
-8.603762764281305,38.73637399475025,-11.164886377350063,12.776017895889916,-54.41742566818865,19.871144588670305,0,sample_222
-25.767075258599842,32.265861174464845,5.748816944276153,10.446223860680785,-12.59540088565862,-0.622590260840732,0,sample_223
49.23265273327338,16.12012875973011,6.892314471251415,-1.9880821293044766,-22.128581196461948,1.7190546955633377,1,sample_224
-15.94928196020079,34.5348454312607,-5.176251885299471,11.702925646022,-25.606475663856898,11.84049187492537,0,sample_225
46.798992687506264,9.12495444736879,6.38474217977936,38.43777847706146,-28.26143189061851,21.38330824986605,1,sample_226
-23.532179517272645,33.628130186836955,12.510872711994885,11.531958807994805,-18.082326667408786,5.028390728697427,0,sample_227
51.16426899679322,3.062351968809596,9.180250955475135,43.04186802717804,-23.45819348753378,21.910722628316364,1,sample_228
-8.129311343280698,40.14841503158119,-15.215239806364316,0.341046284521485,-37.76812299262172,14.49812468196169,0,sample_229
36.78766212736775,13.511302857851886,5.4244945659202415,28.628386715995763,-23.12730953386289,15.011655246760734,1,sample_230
-29.304115127217987,32.70667959621045,15.759682219377057,10.064334241851869,-11.16694140198187,7.340461228807614,0,sample_231
38.99430940226568,18.76151840845448,8.658890591784447,-1.758081792705009,-24.98510653269392,0.7750044872027272,1,sample_232
-17.510542670053894,35.36584996673253,-2.2398163074190585,7.444896922843648,-17.641397005389486,5.423659308701839,0,sample_233
44.98024194864587,12.233591801981081,15.701092119240599,-7.83588392707565,-3.429356865451765,-5.890819627868224,1,sample_234
-26.037887421722303,36.60067354119225,8.956271546876744,9.106097258670065,-12.097593396469623,-5.41024755141749,0,sample_235
-20.117408942868657,35.33849176377914,0.9282465616162328,8.64414446714678,-15.50409644969808,0.6929027495512982,0,sample_236
38.143019747916675,16.959803810371955,4.913195467278525,-0.29186090116236296,-23.986188938171644,1.4920196237363454,1,sample_237
-28.754331336196543,37.919849938191376,-3.7340658434214835,3.4296454842226036,-10.972630397442643,-11.502063188728998,0,sample_238
45.66885138673175,7.18641851614491,9.456996522939361,36.372194061302615,-16.992018183784626,10.564848560423085,1,sample_239
-17.81671088372023,33.38372860420981,6.406833547470354,14.279497929932901,-14.156323527371336,1.1956116903641192,0,sample_240
38.31335273825457,12.378908855261011,25.479039300739,0.9196330559347516,-4.332819523839907,-8.665345057940849,1,sample_241
-22.208025483672483,34.04509966070449,4.490620259438069,4.871436083249131,-11.894840009588908,4.161513545658756,0,sample_242
42.89066201548955,11.572938356679142,21.061822972946008,-7.882078075922952,-8.048463365769038,-6.569896512751918,1,sample_243
-12.940741144605196,29.41817823435793,3.666092691265694,9.32776550813763,-15.123085582965524,-0.4360091318983677,0,sample_244
66.23183383477758,3.562313589224589,24.73224996768293,-17.62712261444605,5.367380306814985,-14.896940379316463,1,sample_245
-28.77444540336395,29.552674369290187,17.191261637852943,6.311424878886542,3.46902449182116,-12.526749957594046,0,sample_246
34.576294478530876,14.862042761955482,22.111957681305917,5.362378015185625,-20.85003264969917,-0.9040308543319209,1,sample_247
-13.41162591267257,33.08852596962934,1.1896090458275121,10.104845073859064,-19.848425282954533,5.579404928350065,0,sample_248
9.463828355266413,21.169182756616344,15.640960086441105,2.93330686222889,3.132644172246631,-5.95576691600915,1,sample_249
-21.796147827153646,37.28304547827585,-1.1930786629674817,4.307729310095534,-17.56295383736465,1.0703617209635772,0,sample_250
-33.23415146119155,28.75436142473263,16.690770760088963,3.5467349648670994,19.439674662830825,-3.361018424905185,0,sample_251
-9.208759253564613,30.762680630796122,3.1288186331015946,-0.22572951659839166,-9.376083554843637,14.257332358718292,1,sample_252
-23.255299306748537,32.87323447040935,1.845252369581415,-0.6607435570841391,-10.513019315313041,17.39412105023532,0,sample_253
8.572886681139408,23.177277001559904,9.438258722773298,-5.401647091332719,-17.718956421367526,18.275918101653126,1,sample_254
16.82171616378446,15.749725091292154,14.27591028417386,-4.487872890580473,7.074137319208029,1.982736048728031,1,sample_255
-26.804107479655112,30.18917268636431,0.9352879608888085,-7.1381640155136665,5.0839973353563686,5.468908449877374,0,sample_256
-31.47354877932767,25.39481788745579,13.2426863143838,0.35895891711159933,35.10042361149812,-14.21275955073377,0,sample_257
-23.165411907770476,35.60360888148959,-0.3190665145843897,-6.105995783563904,4.616705559530922,2.645526383492374,0,sample_258
32.100684325456484,13.354028201089436,11.222851717088739,-14.164392764137565,16.258371180973306,-7.34383587125005,1,sample_259
-3.373223362799895,20.3173906666461,14.653025535118388,-4.91859623249502,26.31856349821145,-9.557783112652494,1,sample_260
-29.647086384799934,31.785541080023936,3.505412690781222,-2.5796762260957777,6.0634135113107845,1.0229268473939268,0,sample_261
32.235467433508255,17.537014661781512,9.866842870384257,-15.407078267878656,-2.702719467755639,0.9860279503975196,1,sample_262
-27.510182653638303,34.759203300632,3.6980229937171845,3.225221875377332,-6.270496047179962,9.67240657368538,0,sample_263
-30.627889076323147,27.959401236283547,12.322043767617059,3.7446684302683275,10.862131284810463,5.126133760736667,0,sample_264
38.27072504385851,12.131320357482807,16.52172188462546,-10.84824541110543,-0.8532320991447909,7.279873164417582,1,sample_265
-18.66180758893932,27.146332388913823,2.2286219148366473,-2.3820658140832993,8.761935662296505,9.015854353022252,0,sample_266
36.05858248048578,10.384864738075633,11.903072822967284,-16.03034392283481,5.539024695359817,6.597143249752373,1,sample_267
-31.748608207230678,35.060334921287186,7.1091386571692885,-0.563619811600958,-8.135877358274769,13.891186140549918,0,sample_268
-35.585941983481725,37.75895996556824,3.3212973161856882,-0.27592782375539904,-8.15671078091077,10.150573212190228,0,sample_269
-20.102966554057613,29.83928550299165,4.205184934867461,-0.574706266521732,-0.2825471940659483,13.821458608108887,0,sample_270
32.44513893645097,20.230741513338383,3.8689324336049835,-13.051175997055031,-17.779895185846424,16.92858676281518,1,sample_271
15.036556799140737,20.183792727621295,23.273663926576685,-9.874442991435519,3.651363004728653,10.488590626191097,1,sample_272
-23.764726618577026,26.42612901713685,8.925506282854343,-1.7083662024606798,23.688019768936808,-5.451265383164532,0,sample_273
13.847983737200806,16.665822455772275,11.426690780426785,-6.5117132011943015,21.47115550457614,-8.803542379362526,1,sample_274
-35.25816653089844,27.263104518328266,11.164765926221293,2.0956520213233256,27.515977153623666,-5.310180152665942,0,sample_275
43.522384765215726,9.952024706131334,22.26713627744119,-17.123855806373047,7.960529349029214,-4.765565183911371,1,sample_276
-22.101995078465997,29.691648566730073,2.719932142915589,-5.147124280939986,1.5499538961586479,10.191964830395909,0,sample_277
-0.044031744464674026,18.898374439929757,12.528263476517955,-9.38123362606837,14.768812419620733,8.326599322194983,1,sample_278
-34.73758129232835,30.966465456660735,11.202973501786863,0.193452181898656,25.71582859105976,-7.664094931460688,0,sample_279
-31.149400360656713,35.20294007191284,6.64858446490627,-0.7100215334784415,3.3730489774027026,4.04513272407847,1,sample_280
-33.81531527080907,24.486732647059018,12.897286707353555,1.6673114820069812,25.156923033822565,-7.144041754845155,0,sample_281
35.559879065918054,9.36104179588326,14.153652522066706,-8.76813707432535,13.422242203378069,-1.3735735938882863,1,sample_282
-39.19808007924142,35.949148179212855,3.6418494258554155,-3.887423392522673,18.728214068538374,-1.1866742053202084,0,sample_283
-14.845430777717578,24.269566320539234,14.996992654658078,-4.145142648202091,21.447256598410732,-1.9705964331763441,1,sample_284
-27.541615296943696,29.702243025402726,1.2483920622809836,-2.5615414885491146,17.682220537432894,-0.40626882887640087,0,sample_285
53.8162659457866,4.231904629072444,19.590018786048947,-21.11412314104337,25.739665463456667,-12.944829073208314,1,sample_286
-34.61655799689698,25.793662599986654,10.029658766302536,0.711937368578976,48.05788897214212,-21.190864098621102,0,sample_287
61.7974885342097,4.4825017972937795,22.618928498504946,-30.99169059257207,28.64115179489197,-18.880992895380473,1,sample_288
-24.962869678557,29.04958433910452,6.731683311778764,-3.826411667281254,7.290058989543465,8.861818788684943,0,sample_289
-6.540911634479165,19.671077172783328,18.879920273051912,-5.163867279589933,19.47970740233173,-2.1979030013703897,1,sample_290
-21.10633541498791,30.85870700775264,5.2450976858677,3.499341687527713,-7.467861250588292,10.043140090068125,0,sample_291
28.46398448035481,15.254110159312706,18.84982303474664,-12.838962197048172,9.743930378997291,-2.8935243853208616,1,sample_292
-21.335114918123754,27.43777499937223,7.261728653195611,0.16508065179551212,13.072510828886799,3.9855375260509587,0,sample_293
-12.907347620700698,29.617650511039738,6.734805200455525,-3.41394101738456,-3.237705177502538,11.669741135801468,1,sample_294
-26.763624486429244,24.75397463706095,13.151637858105332,3.3569685118340638,17.874561689534065,2.5205862162205968,0,sample_295
-22.475884461521616,30.00018049825361,6.04910903014581,-1.7481022102347137,-0.4941580037906201,15.263702932901968,1,sample_296
-24.943813001347205,30.136567368133026,7.979470050982503,1.3998998159418345,5.98980006839078,6.918499505063087,0,sample_297
-27.90494046099114,36.050179928841615,-1.6827603021712947,-4.09181067759365,-7.8547333564759505,12.585312196288784,0,sample_298
-19.164935813818936,31.149913673822763,-2.79478204143569,-4.244901111509875,-0.9494036735245157,12.637768020801262,0,sample_299
29.940095821582542,16.919512266067283,7.750509538808573,-15.631421741960784,-4.503852526783878,6.444461783292767,1,sample_300
-24.788986757326533,30.99535558009346,8.398503451798232,-1.3450042798205357,9.807182106906003,2.9807230495549715,0,sample_301
-7.0462818872748905,31.15242248834872,0.19825054662072294,-1.4411926314436376,-5.433139535099684,9.871841296123375,1,sample_302
-23.641432937523692,27.742849070604755,3.4653167074169864,-0.6845334227151754,7.825375445824237,6.3772232272973195,0,sample_303
14.311145559883434,14.132149681197232,13.612953110121259,-3.284670493462295,17.711006897785097,-3.311541177179819,1,sample_304
-34.051370518141916,31.472889296900174,5.982187813813558,5.280099709003969,27.051187826835598,-7.200665405175955,0,sample_305
16.6353501975307,12.672398296929968,15.86314189454807,-10.075861514492743,11.240184303252372,2.954345688075799,1,sample_306
-22.919079811403407,25.12568566518924,8.440480635542508,7.599699745240623,13.552922511636163,3.708927939723001,0,sample_307
-35.4882379381848,30.917773961823436,6.595223997035993,-7.604773150241677,21.771402010077235,-0.2727015980163163,0,sample_308
-16.86040420665313,27.8676353765611,11.165951912220303,-6.568482583876788,12.704116717229391,3.535100556943347,1,sample_309
-28.055801350923396,31.75325120389649,4.491256996612533,-1.0793020267693476,11.212414781700794,1.3474302508351916,0,sample_310
-33.02963176978414,33.585167484770174,4.308798028781064,0.26599181281328155,4.067011633846705,8.382075010840463,0,sample_311
62.74251488343068,4.986999612733693,20.026407128742623,-26.16571842427873,11.829833140727375,-6.53732676652393,1,sample_312
-22.397433586044382,22.78201690886065,3.536808953796768,5.0757042943074,24.484126810226684,-12.351672858382,0,sample_313
-17.987056158416994,25.11493375787546,3.1090743750028844,0.6166895679884514,6.978802726655419,3.4816411599941577,0,sample_314
32.45479897249235,8.185385122404947,18.428221905376432,-12.616290422041782,21.97199418426568,-7.085991509923594,1,sample_315
-34.488988712368794,27.60784061265769,11.438678735975204,2.552290599466522,10.247920626329751,1.696481539283748,0,sample_316
33.24054151551333,12.08462028108988,17.260719212408855,-15.595283949243871,20.00328783248753,-6.460305720339253,1,sample_317
-23.99344231393051,27.537268774657267,2.5405379918491917,-2.125385571836201,17.363047288764182,0.810960318861814,0,sample_318
-23.002766502650413,33.78433710281072,13.022723711335118,11.320983572631475,-10.441192745813769,13.011387283377372,0,sample_319
36.49311236513442,9.85401395260326,12.180438146257012,31.34826250263429,-1.6203924242205472,22.383891520116677,1,sample_320
-30.721401690813593,42.365859106821155,-2.7521602456690872,3.3284221108248793,-9.26835646058108,23.26712770760493,0,sample_321
7.931042174283995,10.863044689593055,32.55338911692162,9.695564777505018,9.658534681315434,4.549030740381279,1,sample_322
-26.998848106852876,28.0596324869567,11.503102212502254,13.352202671851307,3.048811284205695,10.94566225905585,0,sample_323
56.20436820137624,6.65455406785099,21.895772596682747,-9.886656837647742,8.738960827229219,-0.9247189547122676,1,sample_324
-33.09058725026727,36.05253938969512,15.104536930740675,9.859811309495282,-1.5295686972386455,24.247528349631775,0,sample_325
34.42929960462504,18.249694168742884,16.084789627678486,-3.5117830253087745,-9.509216973205083,21.412395931279953,1,sample_326
-19.42972704028843,30.714335506385023,12.350249565741102,12.776517751320085,3.133521927821242,12.799389957384165,0,sample_327
44.40922202779216,4.936675842584103,14.036829563509917,40.25751419271156,-7.239419025416071,19.982571913521568,1,sample_328
-32.601476645117785,31.17390274395286,19.711891000134152,10.706956928993407,21.087568480450056,-5.260282111158667,0,sample_329
44.74328989424095,10.224276925067041,25.99102225531344,-6.205963034249536,4.793944430118672,-8.443830033095862,1,sample_330
-26.109536445618495,38.33019853716406,4.96536466257381,12.18832320906738,-15.836777300376859,22.210900601250426,0,sample_331
54.646013396692666,-5.436748168040516,20.709795047266898,47.75527574677509,4.598246824231542,16.04068161198159,1,sample_332
-36.06652958673171,38.39110110798005,12.880373016402052,8.524255195169435,-4.539539116291041,18.74757334863647,0,sample_333
35.93615779425287,4.356490432797544,22.014609587751448,37.516085967716755,-5.2915515850687544,16.22453239424718,1,sample_334
-23.133659333698294,28.375220124359135,11.324059438116578,5.484092856997906,9.891804342035272,11.494857306314533,0,sample_335
38.31698349836905,13.629747796657762,18.009726654400723,2.030841150294103,-6.189375633366651,13.873752863872982,1,sample_336
-25.79825385264844,31.271936943236227,14.603768838778949,13.953222179050664,6.349246700618619,14.619412015418071,0,sample_337
33.62915117006273,4.544432794411004,19.379885732380252,39.97979050302105,-7.0652291932528986,22.546064910403977,1,sample_338
-24.651539053113204,30.007890360130013,11.544977840979975,14.936319919876532,5.371021496388511,4.352754299678365,0,sample_339
35.110711743145735,15.262674484807725,15.072401465534298,8.438077318758706,-21.12119421230222,12.441713397766943,1,sample_340
-25.162092118614087,28.741560683029522,13.78662276203386,12.776809523099784,12.25176805944098,-3.3416005259300907,0,sample_341
54.51559911977044,3.166310087467244,35.072821858761316,-12.10408566851214,25.04386062246407,-19.45033338912956,1,sample_342
-41.367476387945295,29.837959829396773,21.561155673071237,9.44648374029646,26.44725023107811,-8.228816594884053,0,sample_343
8.609525141963525,12.039309375812442,15.37242620277529,26.738213423299953,25.19286936228037,3.185300380758628,1,sample_344
-29.962904515580068,19.42308872624985,30.66883346260603,22.981770161453248,33.84080353280729,-10.626386612603298,0,sample_345
15.741733165061053,8.860235764337874,37.29386697354571,11.339918469409055,29.91121884875906,-17.50176644722152,1,sample_346
-32.86974698879052,27.41890746623252,28.22102185311755,21.393596932108274,12.82258346460879,4.873407252335375,0,sample_347
45.1054009946299,-0.7392847774628905,26.082407225441962,46.0842956907176,-2.824480410106144,16.676952916653153,1,sample_348
-23.478623375107514,29.508498147956963,21.440049274056065,17.97015463735571,-11.172134285124693,15.403115272468883,0,sample_349
55.62448574285476,-2.962597857075369,23.58245042651825,46.260809185933525,2.4473556898967055,18.200654441954086,1,sample_350
-26.651684312709353,31.341359682547075,18.723434081362594,13.539001008363435,-1.5786350413486692,10.043229888657338,0,sample_351
21.333820876417185,10.952268982518126,29.826868977097227,11.69170449955243,5.759091759194546,5.451625335585488,1,sample_352
-31.49061665206865,23.272394460294766,25.001745525962008,20.223990709929126,23.88032996389183,-13.07829226236485,0,sample_353
53.6967403885991,-4.324912097987617,16.584636222312437,46.60455162846809,6.245986592929232,9.189085714475635,1,sample_354
-25.6296276395771,28.772855014707023,18.03253739011667,14.01386146063624,5.41188809556229,5.357540821535354,0,sample_355
58.38241598438141,3.1259612407234925,35.24541978853977,-5.703766723201689,12.728103379150607,-9.886953417531794,1,sample_356
-26.243554364448862,25.76600189135171,15.580250877232148,14.484709597934822,18.86426020580044,-0.8086499273559188,0,sample_357
34.07785820147078,9.315439084028442,27.16780150435959,1.861416498247985,21.638792869735752,-5.484306281110483,1,sample_358
-31.319183522236138,30.240541969071533,20.978375563708152,16.344200344341363,12.001499833752796,-1.01813446872317,0,sample_359
40.34219323750963,19.17238592254173,10.692139691577832,7.362322075440693,-31.687406895314897,17.4218932980671,1,sample_360
-15.589537522030488,26.599925139302428,2.981652795253193,9.786053318756714,-8.84068644524908,10.837056736787549,0,sample_361
42.16366586642776,5.527126237818702,7.282634359360963,30.190395505557365,5.839315894338937,16.595102413191988,1,sample_362
-17.38037677967871,25.66199501587334,10.514850819012052,14.396488513083156,-0.47478388497674434,11.399399871578861,0,sample_363
46.61801934271795,2.040751926571308,19.47924661146666,40.00725062010408,-10.88182969517873,20.846616107451226,1,sample_364
-21.436764144259527,28.194231048201527,10.258949506920787,13.705913526320364,6.452300755598116,4.880378974808421,0,sample_365
34.76563476537099,11.867080296401667,21.46056612760022,-3.7114001877743066,10.245097244199899,-8.642125612558129,1,sample_366
-30.17455664783821,34.231258588724224,9.799162777729457,12.011322135184928,-13.856869178382004,16.941462583325073,0,sample_367
58.24409717391545,-1.2390840201866722,10.238006342785232,42.800246596769355,-9.067004323489956,23.618076300229,1,sample_368
-20.46722899484383,30.054662845084888,14.015542145836505,13.264121391280257,-2.9897627864133365,13.882855630623332,0,sample_369
18.015716020838873,21.19022410022648,13.793133146523012,9.122124375422212,-18.233799210419846,15.409297896650852,1,sample_370
-24.320836594713512,32.248552080662655,10.650879820806775,14.379361638775281,-6.580013905600801,13.348285517010712,0,sample_371
34.441819500384995,15.916196859510395,19.530700796460028,0.37437125938157756,-12.944150756807932,10.152967260231389,1,sample_372
-26.24644690289631,30.258214634815193,11.07199289856956,10.770037162559213,12.83589260901156,9.103674569160669,0,sample_373
42.74906594968753,5.054453277788749,8.686160566941012,38.29662645155743,-5.872237602780477,20.217292723198835,1,sample_374
25.737075273318418,16.055835052588098,19.375916124503924,-2.9087980549253514,12.016406957517587,-0.3276060103390366,1,sample_375
-17.862634531391034,29.070586217702154,15.409994236741536,14.125043812309038,-9.340938705906606,12.356982642161432,0,sample_376
41.57031030695733,6.472146176484322,13.84495971544599,39.55204399285365,-19.127954063440562,25.482435825858655,1,sample_377
-24.93764395315297,29.67268713643469,12.524607270087822,15.925999955185926,3.318227045527705,7.595870781934767,0,sample_378
34.171381556624084,11.246435318440428,7.706434245628665,33.587468524709,-13.027698399772719,21.550217731842043,1,sample_379
-20.54142008283277,32.31550216315746,8.477737901009947,11.83254597874679,-14.20147820698475,18.866664864262923,0,sample_380
57.97006492499957,-4.203681721514421,22.180272856115643,45.14386699138055,1.4159654809237714,17.229099860619346,1,sample_381
-27.382252533788527,24.94754384666209,13.655712989673114,10.085072775963727,22.404957343195182,3.485408506037407,0,sample_382
-24.134661324572306,33.48728458354269,12.295968871887693,16.330863207950657,-6.333999316868216,13.614584441151354,0,sample_383
40.43871728116576,1.0712372564866126,24.23813726708937,43.47212468153119,1.5824130759790478,13.947594828562812,1,sample_384
-27.304823109721724,28.55096154089547,12.226312185358097,7.5745719646779195,21.052009275961616,-2.6244934270819265,0,sample_385
39.737963523307926,4.590168882569608,27.434586031708537,-2.44039169856745,19.626032030839117,-13.456145550143816,1,sample_386
-18.473458447273334,21.46683181053211,18.504967606756807,17.0658006355943,4.280180334048747,4.288046573854475,0,sample_387
34.17403373633636,7.867535350975054,31.63358837744938,-4.751204922032106,21.290797937625953,-9.049698471708485,1,sample_388
-19.35031324520618,23.869955936835805,15.867402972465113,16.39682388380846,11.49068165957033,7.508107174969116,0,sample_389
49.825133175749876,0.13710627189994526,12.975891780719536,40.01487311866862,-4.622498553659664,18.796103101810907,1,sample_390
-20.888385206655943,20.323272380854384,26.29680717600377,25.14825671865179,17.426440186831833,-7.823081724706807,0,sample_391
26.497407872958362,9.66621729577488,33.81859038873093,0.38756450888792526,25.80095404427115,-10.204000662612595,1,sample_392
-30.58293228126311,29.263005161310577,16.373197532160702,10.467453690842087,32.89525420449353,-4.97411812795392,0,sample_393
47.66853379471692,7.525147952573172,19.6066514859197,-3.7256084776640246,13.227883180866185,-0.8223488687630099,1,sample_394
-30.3292168284729,28.938804420868596,11.489163985443328,9.314631121118486,23.140944122638274,6.729587664513082,0,sample_395
22.214752438776554,14.230918232909293,26.252731724992252,1.2185752799231984,11.461630317251503,1.9168426596128578,1,sample_396
42.87079358643988,6.549812469793768,27.875116644008177,3.5766992939924074,14.958327292474232,-4.304802290725287,1,sample_397
-28.13342844650271,28.08828914977142,16.83147808876941,10.923172077556947,20.392772118870788,4.108989430836872,0,sample_398
65.90686852538924,2.596406281415715,26.35115862592181,-16.673778606547266,20.14046355270377,-6.193079551841258,1,sample_399
-15.448370536043274,27.87162131952939,5.114836555838163,1.8875356777937147,11.449761047856022,11.728638196759462,0,sample_400
51.44528759303551,13.109683883708028,11.964621885473878,-13.609504318181758,2.010638830697282,9.12655056558469,1,sample_401
-26.696839564944767,30.06622962424881,12.442299855121183,4.3245628267884895,19.86411709643727,0.935975776086842,0,sample_402
29.465097330369982,15.261911786457697,18.500015823601238,-8.987391169533323,21.679611576192148,-2.6700028632382278,1,sample_403
-17.245902107027035,34.79260250486143,4.491286456822462,0.5738567720872086,1.716104624060091,14.410780401804239,0,sample_404
45.85894592893126,10.744364539565773,18.00612767745893,-12.123774369517601,15.043881541385101,-1.3644290728110602,1,sample_405
-21.131470426104844,38.52355192926976,-1.0228601211168307,-1.5612775083976966,-15.952010399464045,31.627999733675292,0,sample_406
44.545574662280806,16.366926110241277,17.55201566243635,-14.55271618261955,-4.571837509740148,13.444004110797444,1,sample_407
-13.081318122423513,30.600413774438366,11.361752605925908,17.263904596896325,-2.825933828943482,18.14070883942245,0,sample_408
26.889013890896962,22.19510347918517,14.931476853963765,6.851017460017978,-3.450195295162225,15.889291486468167,1,sample_409
-22.323084715282885,31.423408588644758,3.563073916440283,-0.8317988522497703,22.85238404242476,3.6653427222037305,0,sample_410
-16.307162550366964,34.88200655359159,-7.2454566298269265,-1.8592915914895192,-6.5328962389837,23.071797812323005,0,sample_411
12.379098596280416,25.469041692976464,3.697656407041741,-10.188778378322992,0.9251579427867411,18.488647934901223,1,sample_412
-19.03050947171628,43.62219421204806,-15.3182819662133,-3.9254195169062327,-21.480042203666677,35.40992784715922,0,sample_413
35.707216660310785,18.889962521129586,8.258343511618675,-11.124101007433302,0.8176778321800826,14.227034667842247,1,sample_414
-21.816242308419177,36.92495459202652,5.974927554363598,4.792992992159508,9.06229632865292,10.444238576025397,0,sample_415
-25.12798042904627,36.49710473518573,3.5036740854931536,5.398570240629521,-4.8830486529309605,20.91406482441705,0,sample_416
27.363871538742803,19.314432490207402,14.323014519920719,-3.0929925061333137,0.14591028635568035,13.846336201722327,1,sample_417
-21.24314683778708,38.303738893654135,2.013454998066996,-1.9003804926132888,-8.601440132212891,30.730714329444492,0,sample_418
40.78253001693692,14.880199634698448,11.779348797860251,-6.021183099621843,-2.8394461321480176,15.376004750058332,1,sample_419
-17.819411852519522,34.9070811660726,3.2582840924265497,5.520985718461491,3.3812471621785027,14.156733222577929,0,sample_420
32.69884699326508,16.33178383947495,16.212453049460343,-5.13465901489637,10.64050134959687,5.385507632941608,1,sample_421
-26.367978425645614,32.9388721186461,8.681614351496094,1.9845941872996693,17.550608192017297,8.418407180574805,0,sample_422
54.057457737305334,-0.6523608717391375,11.674820718027275,34.93189787918435,5.535175272691166,16.234135051726117,1,sample_423
-24.989110707615765,38.61718008142504,6.9794479981810325,-1.3847041594419518,-6.117201740879024,23.965367058282904,0,sample_424
44.62704631170797,8.253769116841957,25.221016928405398,-11.498967185479986,14.976265118218151,3.487860956545412,1,sample_425
42.824388652545565,4.813593263611214,26.63484832351495,-8.80154083292839,35.70581970670506,-16.33771408515637,1,sample_426
-19.896160166757536,35.65311098248313,3.5670619647206836,-0.8338508504031805,-7.363919239222516,24.543979860752515,0,sample_427
44.50787468835875,11.097760337607133,18.566965933212938,-12.072044451898728,9.576446705061585,8.19147025875822,1,sample_428
-19.57409810241551,27.91865438283937,14.446643576531931,10.189511545865118,12.023829160907828,18.603232340831447,0,sample_429
56.938190388108765,1.1184771917519742,31.981200867361622,-3.8482861466966822,35.12032477259566,-6.144185143964325,1,sample_430
-28.542276165970257,26.49922338253338,9.592354493469358,1.162034160579876,45.11551025007438,-10.97588676033768,0,sample_431
42.57574203905744,-0.18716568464676353,12.598869779178921,31.59663933084089,24.370907377784775,5.437501121686145,1,sample_432
-36.43093331545288,27.53370579624464,23.886035477942897,2.581849319524112,42.63137630210296,-13.146030655039777,0,sample_433
-27.505812979826622,27.680048335266235,8.194882424823636,3.5743059351469615,33.004063089274,-5.3374447280772825,0,sample_434
36.07191020060842,8.158117428908056,26.06982218202292,-13.830338542312354,38.35989339647196,-11.340767124299427,1,sample_435
-18.640008640400577,29.262850095488844,0.6820022361839623,1.062608827979555,-3.424690534563147,22.069816388396273,0,sample_436
55.30232199062629,7.722184959122914,12.369503831138045,-13.968719805369746,3.421352548801517,8.985692771387289,1,sample_437
-27.350712509686563,29.505063210486234,11.0658071164558,7.427863584457519,27.16462301737127,-0.061205873849423664,0,sample_438
47.75698011050208,9.778173162944553,16.533342158783586,-13.49906909827318,19.804958299215027,-0.7912277666846951,1,sample_439
-14.911222954180317,35.25275716509142,-5.43002956117538,0.2552126413056602,-11.106816006643381,24.198482289878744,0,sample_440
26.512314079746368,17.050434952957755,9.744983836821731,-6.5761013213932955,3.604913675812111,11.606248859004205,1,sample_441
-25.960293185994896,40.07057641157606,-1.5559654708985589,-3.765896887783426,0.12196509714627,18.484759397368503,0,sample_442
-27.474943047736993,29.355135261731263,12.159852504073937,5.685513820012167,19.081271308310903,6.649063789694741,0,sample_443
24.885118377245078,24.075730152140807,13.475364286514443,-10.022900059849515,-3.627892103016715,11.365143677208959,1,sample_444
-23.14742499677346,33.79240096644533,-1.3642930535096098,-0.4321125767554236,4.9540497912687025,13.884639345225615,0,sample_445
32.85388657453208,11.143815121300774,13.50370241786824,-8.67191110967578,25.712206262769108,-4.0853687123251,1,sample_446
-26.999972804344402,32.14689201278806,-1.7582106688380998,-6.730545935710971,24.43242996395902,3.4012134345980045,0,sample_447
54.07623541591734,-0.32257308608484453,9.371651535975513,28.830387949727136,10.652403040598063,16.267579093282176,1,sample_448
-27.37096821625932,31.987865047362714,2.3522332407499342,1.7226949314903783,13.598152939404518,8.124868684910869,0,sample_449
24.16032927825713,19.849479305743056,11.314532935371975,-9.99242546356876,5.170964093738999,8.468271574730911,1,sample_450
-23.55031053250996,39.116877189923535,-6.344211408402501,-1.1553443297988444,-3.6102669204964397,19.933401710641586,0,sample_451
64.32407832984583,5.377551943820792,16.80215967076552,-19.414367128721405,14.879120710085889,-1.8127023676389038,1,sample_452
-15.32213948403845,31.29447797456547,-5.57818871648189,0.8640677309770387,0.6046844040369409,18.00666429205941,0,sample_453
48.67719054495828,2.039656046835308,7.918311307313159,32.20510291172805,2.814147799850428,18.70286987020523,1,sample_454
-13.06610667038912,25.206800919793935,5.205558832009545,7.942225172351707,9.026296461390688,13.243116993518946,0,sample_455
40.65343821328471,8.330180536206786,13.246419271671417,-2.5309876519803236,16.99776545028956,2.821325811180617,1,sample_456
-22.964246204824672,30.59534054034914,3.736058205695752,-0.5361087125567315,11.521362174822446,11.638581181300067,0,sample_457
49.94604871879577,0.4873343008243039,11.148796588679916,30.55589066177931,8.184150534021898,16.746714217153176,1,sample_458
-24.396214970684145,31.406977063338704,9.108120726722325,2.3220782695125908,17.045877957324258,7.58135756452842,0,sample_459
33.63947043227192,17.342007988855833,13.651629480922578,-6.98605172579775,4.652581037469022,11.421137615247574,1,sample_460
-25.995000824536692,34.07481503196509,1.6191903530056198,4.318829658835196,-0.41243202338080576,20.126831637057684,0,sample_461
30.47594442203885,13.546324123840725,16.09315913677284,-5.12737445722629,13.87460777596028,4.118839528672136,1,sample_462
-19.915131931640992,30.36042190811533,5.523361571683822,8.692428444778505,-1.5560267536749604,15.12521296180241,0,sample_463
54.758143344802576,3.492977852454884,26.783898288190517,-12.77239379340159,26.489716283423917,-3.184476564067808,1,sample_464
-27.471780687245303,25.579477268157017,13.582589790034152,3.364650892055979,32.51350723867004,2.474308970153689,0,sample_465
-26.782695653119763,28.086849144358556,1.4298825335465417,3.0121886219676752,34.560648778374926,-7.190739323381241,0,sample_466
29.74105464357344,12.832779855833902,14.619010813641477,-9.698460857449325,18.570798348429726,-3.0004122444128805,1,sample_467
-18.641964295463957,24.327165390603987,10.051524025110695,7.925169320377202,32.05325771484049,-6.255133572704877,0,sample_468
-31.125691570938265,36.179701742316055,-0.09160808201481938,1.0555445648787116,2.3753031988579387,18.170545189790683,0,sample_469
29.74382811599247,16.926473320380737,14.762319594731798,-4.869854890435574,5.695804812744025,4.449619722305218,1,sample_470
-19.965253013497342,27.20305975549296,-2.0831216123739695,-3.220532212564999,21.612943496811468,-0.3419802975030166,0,sample_471
-23.755629168481363,26.76005465361399,9.776910117952662,6.539827394917902,14.495790541926251,10.76272069646248,0,sample_472
54.37391834178313,0.2544863471917719,7.265392934210151,36.81959900872822,1.8156116343461024,23.059210995610815,1,sample_473
-32.32881741150994,30.377447363286517,11.129277614761717,5.269092159304631,22.56209258272618,1.785181526153539,0,sample_474
-19.25787211973045,-6.447720664611189,-36.27888346459858,7.423383251893729,-13.301397704990942,-7.033749121985691,0,sample_475
8.476748282256064,-16.841029948634425,-25.333787213671222,1.2137893154196129,-4.833084180765426,-19.89871131060657,1,sample_476
1.5653945217467986,-22.622002243717958,-15.734142530202849,4.317324367090328,3.864825769046915,-24.605939723641317,1,sample_477
43.72622314996597,-27.30940675508754,-19.23211378534843,-11.367483075864428,-5.780246836856002,-15.549512027331318,1,sample_478
-38.786287375129405,-14.837408079032155,-20.924534338059765,6.219458851497281,11.561907571314318,-35.75636627989096,0,sample_479
14.066963699979683,-27.36156081066842,-11.318640278601972,0.29973772221574585,15.366078003042142,-35.97984677833306,1,sample_480
-23.06347620472664,-13.14842630197237,-28.522673064274606,1.4905840250549314,0.6869422450089404,-24.495408792135585,0,sample_481
14.125103842630757,-20.09656062764601,-27.101843007399175,-7.324353355846315,7.856081730297348,-13.47793984080691,1,sample_482
-23.475932286799768,-16.6610081513376,-25.325767091062467,3.963976998160025,3.517137949836496,-28.39994582998496,0,sample_483
-19.804033977398625,-8.334884036057229,-32.71557277549914,10.146322015357399,-6.552163719127726,0.1140316723573127,0,sample_484
-25.04835049011891,-12.390309796871554,-25.89074128453648,4.916958423081746,9.180918410052156,-17.09427733344851,0,sample_485
41.27443062478485,-27.469404041282118,-18.894300990018923,-8.059932869401663,0.7702111159536524,-18.653835567075557,1,sample_486
-15.678437271633932,-6.110480148124209,-43.882341982306365,5.0920719998856905,-14.020758165911944,-0.8516602321359498,0,sample_487
-11.957935670835125,-15.514147467718173,-31.991113943952517,6.048703139436146,-5.785157074696133,-4.91940338277804,1,sample_488
5.242546480774742,-17.637183930214945,-29.47863980470315,7.610418461029871,-20.06919709273817,-5.770106381737164,1,sample_489
-15.925517738511049,-8.934987254064929,-40.158899490696776,2.4233887625294406,-4.8203923755528795,-7.882398526300776,0,sample_490
37.09950669886815,-30.87716389219815,-16.523082946976583,-12.154488267164831,-0.03967998080667478,-16.42825923203389,1,sample_491
6.2189580270098475,-1.329245227548914,-66.02064311589656,8.368426909393222,-52.07931838230317,19.89731521062657,0,sample_492
39.339099052794055,-32.03089393114515,-18.77029744229374,-13.064657038983022,3.9017955685630525,-19.359959890855865,1,sample_493
-24.421799791415687,-15.659383079759248,-31.023387626340657,8.239455183290247,-16.655128149628094,-5.49445880569959,0,sample_494
42.919076122145434,-23.92485422840674,-28.908595033404296,-3.7469662990073456,-23.164714576846233,-5.79377053904796,1,sample_495
-18.757099533475376,-10.18868908042545,-45.44845636518983,3.6044594629800955,-15.491921103364959,-7.547223867285115,0,sample_496
5.818540045765742,-25.457097314216828,-26.376937235531255,-0.5477800906354298,-3.0737207323419935,-18.476729787915094,1,sample_497
-30.364010102414312,-12.275932054818412,-37.81244940350942,-2.4680552689565713,4.230416986271059,-14.207743935379256,0,sample_498
-29.337327312272276,-18.19215951866237,-26.497814162847853,4.734108530744081,11.450689039444635,-26.166505867503908,0,sample_499
-42.859257371270495,-9.450643734219165,-37.857736790264376,-2.81161105192697,24.184115855696607,-26.42891128845202,0,sample_500
-5.5066907328206565,-27.877535438279466,-20.150889730811148,-1.7789756343835006,14.05195272402773,-29.45615932482851,1,sample_501
-29.69677884934914,-13.925543836855057,-34.69936300699165,1.2774840103113463,-6.706559927905323,-8.26984842354425,0,sample_502
-26.97754277569231,-19.83154220626895,-26.85542394810687,1.0590062512060734,8.708566714082856,-21.907251646369115,0,sample_503
10.77916174043766,-30.36476890215914,-18.22830783690122,-5.757040632149999,9.78175296724629,-22.385228854255832,1,sample_504
-13.617380877133835,-12.262579745205933,-39.042127041988465,4.761851302201071,-8.427530177582717,-7.013213543870685,0,sample_505
-16.246848620058625,-13.978791657475178,-37.75273922511488,5.952322319127987,-16.219376473348188,-11.882959071189468,0,sample_506
19.39918973373305,-25.245575324471332,-25.634847064831614,-3.1400449431747375,-13.73735461999523,-17.03242810122481,1,sample_507
-32.152353327089045,-14.613085692742327,-33.41152900242948,0.3336454497450967,2.4112262715294768,-14.265419565830227,0,sample_508
-35.050408342514864,-20.08396445759043,-22.921466725471063,4.546964105934351,5.717778538312706,-19.024516671592654,0,sample_509
3.838827524200448,-28.041160927262865,-18.170691600459882,-4.342739951131694,7.756877295921926,-21.797457888287784,1,sample_510
-28.80377424043606,-13.329629482987286,-35.59880831775765,1.5400439010818947,-2.325155948978652,-11.020583677233454,0,sample_511
19.365242587371302,-31.16225742048572,-18.54279684755895,-5.250113304728946,5.73914559260011,-23.71731267957038,1,sample_512
-14.693512070342388,-10.736186367894724,-35.224636769972946,7.920733272375244,-10.67732946966003,-6.457160204405504,0,sample_513
35.46953353156511,-28.498351036139788,-18.17008628963847,-4.960594890654273,0.4200076092577031,-14.783109244826017,1,sample_514
-18.854367879867105,-14.03912410968966,-30.623804804561722,8.091917590543595,-13.172072646617414,-8.529743480296313,0,sample_515
36.35206708956713,-34.78768288543193,-9.629510500149516,-7.037812265869412,12.252382643112657,-26.123702300580707,1,sample_516
-31.230989311658654,-16.80963397344212,-24.955648667592495,5.512457219151367,11.745045859084513,-25.81470710621172,0,sample_517
18.86496334140442,-21.207023807765786,-28.279487748741833,-1.0287583887514868,-7.076937521378872,-13.106864769872749,1,sample_518
-21.42590665281425,-14.657431381483434,-27.853645832330955,11.173219115935332,-7.2470428151577675,-5.550204979437087,0,sample_519
27.442466777594916,-28.26589419505835,-17.54082869655496,-0.6527793869357901,0.3296800219757693,-13.116119313836023,1,sample_520
-22.260929877721317,-11.435381548327552,-42.01197234551055,-0.13019630327930337,-17.75917145607936,-2.133083172096447,0,sample_521
-28.300122738416796,-15.36545204844224,-26.27863737317191,13.250799665211725,-3.182671401386311,-10.981249965036458,0,sample_522
10.344392701148628,-22.174354332406452,-22.404820268365537,9.808116662625478,-17.719768118962882,-6.013137618039037,1,sample_523
-21.751260022693227,-12.21844521585823,-34.40161098984543,4.894660708010923,-10.638432840508342,-4.901019408731041,0,sample_524
17.902610438103057,-24.13561425586524,-24.024122872147636,-4.885499495099028,0.3334593416854368,-7.83755185279866,1,sample_525
-29.586772741438843,-15.628847266763385,-32.17010092059224,4.738930840489741,6.657074504855777,-21.56060623011088,0,sample_526
25.198878842780818,-31.71673782082653,-15.465950780856886,-6.89460410472404,9.14740984754112,-27.039739713127727,1,sample_527
-6.542731134462175,-10.813381752399078,-42.527006446629784,9.266566328570883,-28.537813969125043,6.762039787897812,0,sample_528
53.99386393894795,-28.377742824752055,-22.901079246638727,-9.141879341056164,-14.59097860724878,-2.7178702619051056,1,sample_529
-24.963699467212898,-11.560414932836265,-38.13490230894776,6.764733147189327,-21.35633200470112,-2.6122684957542335,0,sample_530
34.382828381211255,-28.981385387009077,-20.182385463506943,-10.041582993459617,-8.416729866026762,-13.391327054577376,1,sample_531
-26.400601006969875,-14.44204362007382,-32.34292502742475,1.4516662630845605,13.89674567023093,-23.30243687842653,0,sample_532
-16.583632641648705,-12.421746847493651,-34.93724524079231,10.46135311745544,-16.321054961655108,-1.8959356662917572,0,sample_533
10.12624353317344,-26.813479773143612,-16.56359666220327,0.2992060872801672,9.942452111514646,-14.766811093027313,1,sample_534
-26.115254647548976,-16.238267420413585,-30.498334110734024,4.076183896379002,-4.940782388240196,-8.594949799125038,0,sample_535
-3.7168377299550057,-17.616854353107588,-31.531555169236338,0.32138657788465713,-7.47911725000201,-5.059808456754387,1,sample_536
-40.619626450102,-24.625109384789827,-18.926576550081577,2.7555628801988457,24.800589613493507,-27.895579297783666,0,sample_537
7.748383348312942,-30.238212415268112,-15.034918571817586,-2.1181849222895726,18.978477357540495,-28.58577642099653,1,sample_538
-30.13410295598808,-15.731948535360255,-24.273069322555088,10.09264542145997,-0.9497203138757347,-9.132391150510529,0,sample_539
14.29185660289177,-25.282639561081446,-16.26149102421827,-0.05162142369841994,6.706281333199885,-18.387058326800243,1,sample_540
-26.24537096302834,-14.698128174210499,-23.758990000580628,8.335782011434526,14.352672316269489,-22.341835125637466,0,sample_541
10.8928651272912,-24.718395462112667,-19.139001854841634,-2.5859352026797673,1.3982535957728437,-17.733666898709718,1,sample_542
-27.40327456482952,-16.537032502145458,-21.903076474529197,8.026525002644156,14.411417035681147,-25.711890518575757,0,sample_543
5.016732933012724,-26.014117303065273,-13.762872356016924,-2.617702680291917,17.361044173671182,-28.756941023340257,1,sample_544
-32.90992082023322,-17.026001728361365,-17.378121743971796,7.4857363648953665,17.026864772312248,-26.784630492703286,0,sample_545
7.169254169023441,-27.178077798326406,-13.4641047990739,1.5034431804089265,4.395121800645067,-18.432796445455338,1,sample_546
0.1826738594094961,-25.102044577652585,-42.58726340493067,53.80335429444162,16.35781455655872,-22.761794714307833,0,sample_547
-4.282680483171667,-17.71120979180296,-44.35576505799223,56.6065877264615,14.348688638762056,-29.4816590499256,0,sample_548
2.5868261570925757,-21.27237294524956,-43.761311415235646,48.687787711829195,25.223047952299055,-31.248726053803885,0,sample_549
10.920739425426753,-23.65835804232897,-43.60484405981825,44.85812801562409,25.369175525230588,-28.19917811641656,1,sample_550
29.827666809741917,-27.66982748552493,-43.16957307538754,42.72804809152567,16.84727802519997,-22.26367473071956,1,sample_551
-5.75842627427629,-19.904203200052383,-43.32316976534248,52.6689495355602,22.61108606543588,-26.22158260958184,0,sample_552
-9.16798723138977,-20.12641719088651,-43.68841414891998,49.035396646129925,25.860210257334774,-29.612936431517856,0,sample_553
41.59642027870724,-31.64274290311757,-36.383440615348306,33.884626653743474,22.115920474670467,-29.074782872630628,1,sample_554
0.7287317649767294,-18.32919287666182,-50.028795594393856,43.551988217951745,7.890879931124829,-15.647616037423067,0,sample_555
24.078217438552596,-21.929186970960473,-48.84390821155776,40.44698241335872,2.000281901579066,-12.161209013701454,1,sample_556
-2.4433110516082266,-15.347679511500694,-43.86363105105102,40.50440710414129,15.936560750406287,-22.23933574552756,0,sample_557
26.145820633531788,-20.516199496384253,-47.36662680613175,34.32132427552639,-2.7710990036910785,-9.01867081178973,1,sample_558
-2.33866695612084,-16.486841182301916,-51.49733481089265,36.83345596359513,1.109763939656559,-9.263184903401696,0,sample_559
20.82764706976293,-15.775066701487619,-58.90053748459467,33.85558137858287,-12.55125764574267,0.08064323932075766,1,sample_560
-2.123603339573244,-11.88002177462335,-50.09389966577269,40.17579828119822,15.208808786159983,-18.937094478777524,0,sample_561
1.6364931647335192,-11.132194383599249,-55.15103549376149,35.40386563621839,3.2584182844921905,-11.264267662628248,0,sample_562
32.41754598884568,-27.26418289552447,-42.50795070178278,28.33414686310002,7.840488840330018,-13.350366704243438,1,sample_563
21.675749887349664,-29.101291187251174,-28.723751565024866,35.75703348091656,24.291177829345223,-26.236019810307386,1,sample_564
-4.684323466665641,-16.955610351125724,-45.34029873555249,35.58942213002455,11.589282371614022,-13.223908631132314,0,sample_565
36.69079692780213,-26.160864166957122,-41.51865967995688,22.17443425215422,16.356595231866024,-14.362103258407327,1,sample_566
-5.988016586177531,-16.395179066126097,-41.90241296555189,32.006566708538756,17.23508760773814,-13.730958533720113,0,sample_567
28.71310274195806,-23.61986946419999,-39.860040384249515,21.356527810369492,13.059354574067521,-14.313876163498641,1,sample_568
-1.8795073149958321,-15.806079579846129,-46.04823829906524,36.478938924932564,-1.56958195811772,-4.222208126006514,0,sample_569
40.06455503907002,-25.128935681110924,-43.27861564645246,23.099751256353102,-7.956228211172509,-0.8101496074728205,1,sample_570
-10.338818377896684,-16.047101412667104,-42.63289978008453,30.56283012018787,15.293650872362287,-14.762060958790148,0,sample_571
26.14038802712592,-24.22764209714657,-38.999254922795586,20.467400729037248,12.598633242403507,-17.279124606098662,1,sample_572
-0.7232817391640128,-10.899799904541318,-55.29512770133507,29.951837231222783,-10.139661133350742,0.3968627083996678,0,sample_573
27.73795895097937,-24.539681734406255,-39.87066836768162,23.271371435591394,1.8171987809895056,-8.32315050572348,1,sample_574
-2.912945689027346,-16.082150901384704,-45.98593181202573,32.88949097098168,-7.602775074500348,-1.454340596175217,0,sample_575
10.604794809366652,-21.48388844439683,-40.12378534594916,27.89596455196567,2.6935325435332746,-5.779154961873764,1,sample_576
-12.861679129282946,-14.69206530796043,-41.31272085019064,27.759162472744265,12.208221027386863,-6.518561816487252,0,sample_577
22.632056212273596,-21.031512980496384,-40.917466019826975,24.300671051780647,-0.8395393868653527,-3.233332690596488,1,sample_578
-11.810200882530035,-12.5248833546785,-44.5261167753697,25.45771119716518,15.68182095567006,-13.304410166072927,0,sample_579
7.819122431321588,-16.61463737334911,-44.51533995155085,21.311663737486025,6.075574941545413,-4.966519797466957,1,sample_580
-4.105332002049761,-14.615275453293659,-45.026170919646795,26.832797473590368,-2.0064570013332346,-2.2880374431805506,0,sample_581
8.510507679563577,-18.675026200231677,-42.68964235613415,21.950790481923114,6.541185975881581,-9.493327760316209,1,sample_582
-5.56086216074567,-10.174428751095883,-51.84317169600973,25.4326103255784,-9.904919442013398,6.957625167130477,0,sample_583
21.099473400471588,-22.451917258910232,-39.27363144145061,20.75312139909012,1.9567115052149207,-1.3819796050808784,1,sample_584
-20.77525325353171,-15.973246675613137,-40.28951670744491,18.138453730462306,26.658573499828425,-28.26866768699195,0,sample_585
28.22674192917701,-30.20638821630916,-33.38692508313418,2.837675461564729,27.475163868790546,-29.781629190469022,1,sample_586
-7.809090054238405,-7.293621687512714,-56.435096485335976,17.25960206705662,-9.423380351953478,3.3580354627494997,0,sample_587
26.977619925839928,-23.2681964738435,-41.033037442673056,11.394230732088444,-0.2408218205309317,-4.107116275822192,1,sample_588
-11.99919548313492,-11.432856348148963,-52.07931837613438,16.14809527731968,-4.604960179819776,4.371998801077719,0,sample_589
21.313703838142995,-18.27602035167119,-47.735996029234066,10.758626584979744,-7.590358820235621,7.802597816588087,1,sample_590
-9.60582463613901,-10.129188948036132,-52.74473310683589,15.537864533576371,0.05698898437808381,5.543418092762084,0,sample_591
13.284900230541716,-15.70352922173988,-48.82024738992218,14.365334097908596,-4.080517055385263,2.9004954199604582,1,sample_592
-7.605949216439083,-8.941003039933841,-50.758238017754344,22.780448510295294,-20.090595147152396,14.458327122842658,0,sample_593
27.93446303766405,-23.8190731014076,-38.428356759748915,10.88892098180439,0.5138219380958418,3.8276004775977386,1,sample_594
-10.213701787481671,-10.869950043783804,-46.474937392637536,20.2987326594564,-0.8307319894657796,6.822650212098412,0,sample_595
29.16760492827731,-21.372345190060898,-40.485798553470104,12.188055207098653,-2.8844916013008284,5.125075708083837,1,sample_596
-0.06073674437595403,-11.930033148835799,-46.75607723526229,24.312114093415502,-15.205233053169676,16.43568961776908,0,sample_597
-9.132390231586298,-11.883212435922424,-49.71511002802658,10.48236012146549,3.043534890085061,3.2577699150074095,0,sample_598
19.240758381401914,-18.037990859186838,-51.14061240006995,4.740445487466384,-8.77798815401509,10.742331865566193,1,sample_599
-14.569994840267292,-6.735827366414358,-58.33396761895177,9.82776714244734,-15.842546898462455,16.590519374475054,0,sample_600
52.140194205119435,-29.584431682176483,-37.3280566050873,-7.567177830441941,-0.8397246232225833,1.5945064124996458,1,sample_601
-13.023938707618893,-7.4060304133222585,-54.767140545553666,14.19647045154794,-21.032628501338625,18.20997552501753,0,sample_602
-14.390581833239358,-6.237413215989129,-55.37215315548734,8.6393888379915,-6.9177385452598905,12.849743598739211,0,sample_603
11.066219769245823,-20.8638545056093,-46.150215785694535,-0.09401911775897169,3.158117440406518,7.173045901396155,1,sample_604
-28.063528458292232,-15.130810703373996,-45.43868111084413,10.678657331410133,8.88660096237463,1.8684928792510072,0,sample_605
17.443328206097494,-22.543116464958786,-42.58495271309677,2.5634457109624615,-0.51921134830654,5.4886980570802635,1,sample_606
-11.655070276691626,-10.990120234061793,-53.515557607898586,11.414021127137577,-19.031677285380546,20.969089076931862,0,sample_607
30.523345351751548,-25.03372551284268,-41.972045097020285,-4.47951237118195,-11.820558688255465,12.315550455323015,1,sample_608
-26.529248946147653,-13.78755240415965,-46.35716849548956,9.524544119394715,-0.7560656015470462,7.684732336091992,0,sample_609
30.300038361827006,-27.325732219776913,-38.77558735117011,-5.874969505259903,-3.7659350186663314,7.757276425712869,1,sample_610
-21.631429331464368,-14.202316426159786,-42.3910331360241,15.188885583535859,-2.937710199078515,14.120544362592293,0,sample_611
14.521817746697815,-28.733851117362047,-28.348606964461844,7.608007529607384,13.594387759795985,0.9501156162747744,1,sample_612
-17.49397114895017,-9.32235143745267,-52.40030055400728,4.066927476601798,-8.740436945926245,18.363476271807002,0,sample_613
41.07588205716195,-29.38880863444167,-32.848822577883055,-9.459575859420863,5.400439565211302,2.283615629876561,1,sample_614
-12.61873829825085,-5.589288221862647,-62.05601032894764,5.021755170007865,-29.735154248988337,33.478424360557376,0,sample_615
-27.91132384152718,-18.003265068670874,-35.37501147760327,10.352046019394429,20.947047252907836,-1.2215247638113274,0,sample_616
23.964898666689493,-28.45887743071992,-26.17386024541213,-2.295479370932209,18.25179601412654,-2.7399342367586668,1,sample_617
-28.09675902973462,-9.116502971981562,-50.950801726947915,2.2855498704779387,-7.487876426185276,16.95124548911115,0,sample_618
28.829472657088353,-24.587500981279284,-39.22505277603168,-8.421737630031021,-1.8436255532709114,8.439047579564877,1,sample_619
-18.008207737311693,-14.3153461402671,-42.82591343381627,8.968503682502776,-6.979712124391434,17.831791852986814,0,sample_620
15.711318663281487,-20.403921738414464,-39.89271452855802,-2.1779443731051575,-0.43571512354910885,12.132473623723556,1,sample_621
-15.843708628445931,-24.29696567825772,-36.1892830830668,-1.3744838340868935,22.68542527351874,7.136220212456653,0,sample_622
-10.430049040717078,-30.877234726142216,-30.767474962102877,-3.9882704109032154,22.864758059241858,9.668731038078052,1,sample_623
-19.790708722886837,-21.4927492870164,-39.56716866210843,-7.12049218747021,17.198895734218887,13.182307772114697,0,sample_624
-9.622420371449662,-27.61273886802172,-31.7020726596438,-4.6642553478026905,14.363112936406292,12.92306031421683,1,sample_625
-30.74842084884056,-21.729535997409993,-33.742069890664034,-2.1331853123160482,37.715863345249595,-1.6563626065776702,0,sample_626
12.165989249254503,-32.30338858976464,-25.005220904209114,-10.32195118948354,31.199287646873596,-1.3818931417347533,1,sample_627
-23.602758167851,-25.2285751747526,-33.65649339778795,-6.266604308979566,16.840534368145732,14.254172536686076,0,sample_628
-8.415780679562987,-25.646088336584654,-31.036455265901452,-4.764039401078288,12.093705465586899,13.4757715048628,1,sample_629
-31.392205724351452,-27.02391909984037,-32.74404882019582,-11.237976799919673,27.349855212991308,7.063622166055278,0,sample_630
19.100548067589987,-42.47680411446324,-17.894436785724483,-19.758329525607113,33.42606107315784,0.19043553927531162,1,sample_631
-15.946781952885102,-19.195760705636555,-33.965457868522684,-0.43808386542694233,-2.164118567850933,16.115754925432135,0,sample_632
3.8335162616751703,-39.38353849861551,-11.737819661140449,-6.928501194439056,30.18716661310941,-1.0934095317600434,1,sample_633
-18.60087176919119,-26.771018570988087,-31.80138793878075,-8.639589362339496,20.599175322851416,6.957029388154475,0,sample_634
46.18501144627169,-42.07247632079445,-18.282667739645916,-30.495005252341972,22.261110841420322,-1.3814720769444537,1,sample_635
-23.756103704305893,-22.81503270966931,-29.507274275776613,-3.594074957997182,4.017240653026725,17.30642726978525,0,sample_636
-5.031744438915953,-23.120458188219327,-32.11364304650175,-3.8509462160920385,-8.62568618840404,22.97163750596787,1,sample_637
-21.225728138911542,-26.380414694759768,-19.839251443613893,-0.16938553710605342,18.409588765545497,1.9613523653192557,0,sample_638
24.27472744658301,-38.21321344727355,-14.458706533578289,-17.719900657888527,25.73959452387096,-2.5888111596011414,1,sample_639
-25.103063416360722,-20.777642567944312,-30.137422557529817,-4.708719754676739,10.660924921262792,11.453649953343463,0,sample_640
-14.615676786524794,-28.442409883711157,-22.414038505818567,-6.037507845229257,14.356202898593239,12.562052463076196,1,sample_641
-16.106249339127498,-17.21406666552554,-32.17881116136785,-6.866519876948279,-9.065883810523037,20.547940134457487,0,sample_642
44.89189670890153,-40.74716158538289,-12.217271606375785,-27.20832817942567,15.220225136741025,3.0702661788333474,1,sample_643
-19.335320844440606,-22.700190526916774,-24.101751744704977,-3.1193445549913568,8.148651027845787,18.178241137286783,0,sample_644
19.908147640457823,-30.52862681217781,-20.75304483854945,-9.802559609763065,8.099473787081848,13.297267549314908,1,sample_645
-37.67202041742674,-27.50559983573637,-18.93926417792784,-7.402365045349507,29.265794082275814,0.551152098790494,0,sample_646
-21.30836743527711,-21.608850861022354,-25.39220906410393,-2.999262243250689,1.540850052049754,19.39961603503172,0,sample_647
35.807713665251455,-41.696406299205684,-7.942629888371907,-15.405119528250182,21.533703724182413,2.0674998053219444,1,sample_648
-21.61034634242965,-25.555998198330993,-19.72829255050449,1.2927206593130451,12.034215391914687,11.015066450222752,0,sample_649
46.69420523049052,-39.84976423478826,-10.629857626511845,-19.337044471849325,12.967158984755192,5.718445940322471,1,sample_650
-21.232801708867598,-22.234463392838624,-21.347623722859595,-2.260262335431491,6.958594716672225,16.69297190328754,0,sample_651
-1.4531783524875308,-25.791202313306094,-25.403747668328336,-11.96236177492999,4.868503877329957,16.53008296091016,1,sample_652
-34.60808608255419,-26.187713216314755,-19.74264462403201,-7.631326946837081,8.931888576919913,14.631665645041798,0,sample_653
36.498565875503964,-29.339464364688123,-25.839429992073644,-24.553499531512614,-4.528160619883641,16.24660338862844,1,sample_654
-15.012964660796845,-17.911146357648217,-34.194567448513915,-8.069082503103914,-5.208415467210578,22.955397947757387,0,sample_655
27.72625875673731,-35.523673587374226,-14.58563183540943,-15.098434002513773,10.316800554659983,11.252583465216418,1,sample_656
-35.843752225529514,-26.842969076214764,-15.215172708241363,-7.910938893241602,15.555960328907569,8.116951606125916,0,sample_657
25.317602795134295,-30.473875700520775,-19.947191960196484,-22.13844558199755,7.013800400551651,10.17491357656895,1,sample_658
-17.895653464050486,-18.985509899142027,-33.65133372724524,-13.459291825883858,1.9451584729060454,16.165364912654393,0,sample_659
-2.892634031758911,-19.232234728281245,-40.04892632960947,-15.229120427742776,-11.572107795365,20.33767107380512,1,sample_660
-24.00575432199442,-21.11440597140222,-25.84889334388913,-7.538414363557721,7.712986201205986,10.110588700498823,0,sample_661
11.118780590095744,-27.2541861618128,-23.321655513123506,-16.967544485241525,-0.7157447042793059,14.344893920388339,1,sample_662
-19.119229781427872,-16.149734211731325,-27.931906911720223,-9.33470717898682,-6.682846362623914,28.167975347956823,0,sample_663
-7.483669348553063,-22.559075799028264,-22.271448727445993,-9.41229554094599,-2.9408415933890306,23.84276641514601,1,sample_664
-38.42071740849116,-13.24942094575218,-28.006384103344846,-19.733343299072867,-6.396143157332722,20.603362753988566,0,sample_665
-40.6679691619429,-24.896209386824385,-24.494856255681068,-26.700663488110475,44.380575160432656,-12.31254673367987,0,sample_666
23.44974759995607,-41.84651559649632,-15.521570025280086,-35.09322140711245,42.37322586058922,-15.839176035489338,1,sample_667
-25.715098891604107,-20.88063828855026,-25.082402299338224,-16.097739264622223,14.943955920514037,2.639512768430161,0,sample_668
-18.174601692990613,-30.495300669361757,-17.44846409609123,-15.565194442277111,30.62038765791242,-1.1613628399575968,1,sample_669
-27.838081106429318,-16.71079595571542,-22.95524068610602,-11.463803775730117,-3.590911014886717,24.4656286162563,0,sample_670
-9.074087969308918,-19.363020135158017,-24.01453654458673,-12.466129623528522,-19.960214619430708,29.30222973557481,1,sample_671
-25.64231942800782,-19.238081906535804,-23.607963788024655,-15.501567501219808,1.427598814775471,21.50399814793699,0,sample_672
30.96251590514369,-31.110706913968396,-17.028306457789203,-24.677863410513176,-7.822954280546449,17.838977846139116,1,sample_673
-27.312469446665727,-21.392246928438308,-18.020127433283665,-8.572897809299867,13.090498155257324,6.141960305566358,0,sample_674
16.84764120501933,-32.914712021024336,-8.693049904693966,-15.361114932506846,9.196075695681575,7.45877925308571,1,sample_675
-27.85761449394158,-16.329456326319868,-20.563161488136725,-14.868188195741498,-4.4992657087715795,19.597296099784543,0,sample_676
23.553508874845978,-33.693728941596824,-9.3392368947878,-25.219977308226664,2.971352967051451,10.248131283676258,1,sample_677
-36.080336917991794,-19.64984451881091,-19.03150784287962,-15.342669292241304,17.131262658925465,2.586111064512297,0,sample_678
-19.947595034999175,-26.67313185786231,-12.559142187753555,-18.147195494835657,11.073240794166587,3.1115554964108987,1,sample_679
-29.525866531508537,-22.267412464145856,-13.523306005263173,-12.713671582448756,16.907778706403448,7.703638890798355,0,sample_680
19.540499640021817,-30.779822909962718,-7.336110353764909,-25.318523145674195,7.136924669375527,10.887299974470361,1,sample_681
-17.319532724535957,-11.191615297567328,-24.14015311568061,-13.454814717778785,-21.509555216692014,35.603943206680285,0,sample_682
-33.81710553886658,-18.454291280513104,-14.777048896499048,-13.290496200145206,3.9264431259304047,10.306820903425612,0,sample_683
-27.055807330634842,-29.243681219544317,-1.3959865342483493,-15.709633007611632,17.928279196244244,2.1789155598251817,1,sample_684
-35.63605482292801,-21.437508132165078,-11.904928479665328,-16.29147087597573,25.806502761601834,-2.7207899376769884,0,sample_685
9.76185775079349,-27.751778109982435,-10.934280199032084,-21.372612988201965,3.0608954751309687,9.704490478923455,1,sample_686
-51.68971969095071,-25.85948450791547,-9.509114191990061,-25.366316665541465,30.05232315162988,0.5543223152597467,0,sample_687
11.367421954958393,-36.946489735704766,-4.63411789249905,-22.767130696559114,18.94785074031471,0.6422355113695433,1,sample_688
48.165642974732954,-36.137458554993714,-1.4768547279367068,-43.06825975658075,10.182499499358833,-1.606095865023247,1,sample_689
-40.046370497044954,-24.514548551273766,-4.927558875346345,-9.987579065544125,21.300048504855706,5.104620225051609,0,sample_690
-20.77801665572458,-28.324114061939824,-3.136013853029095,-12.10925348968053,5.394456057152933,11.207341301527123,1,sample_691
-14.671640749835992,-19.116987858480847,-12.220042434809644,-4.166058329435812,3.166352168483874,12.878861049973244,0,sample_692
44.46114239269712,-40.18969050618861,4.882785305092613,-22.98829678826245,15.022352510017496,-1.570998006777022,1,sample_693
-19.02528694913251,-17.714333033220054,-18.523835325870788,-5.939509339655394,-7.51515978175317,21.14837547453,0,sample_694
20.31568991797958,-35.2551391989881,-1.453575657600298,-20.113019386758033,1.5712711780133781,8.203223083251832,1,sample_695
-46.35868403425099,-23.06831084363494,-6.23452445895746,-18.03354732698083,19.37764885759935,2.722451805685675,0,sample_696
3.9364000209943923,-40.160386321979594,6.063365380183659,-27.524743441258618,34.07154051727543,-8.990838567719017,1,sample_697
-44.17258491233493,-24.675095827080447,-8.614679005535338,-16.82122605582874,30.494103866968914,1.4419237257198734,0,sample_698
-29.718113708937302,-29.04726649828753,-7.630378897190742,-17.815595225852437,28.166727859561068,0.6994476014605072,1,sample_699
-46.4832281350162,-22.002481343191477,-3.006702286556657,-16.04887948571298,18.950839105603585,4.9236398237253365,0,sample_700
-26.955012058038744,-26.921356000076905,-4.4989317892107055,-17.097622499629185,22.30586212725884,2.985752882607414,1,sample_701
-36.22057491257597,-32.93177588339932,13.650712771533843,-5.1740804956755815,-1.002629991042552,34.132639269912296,0,sample_702
24.41164281784708,-40.92543797302603,14.06299980483557,24.317419783261826,-3.434711589124483,34.840721974076345,1,sample_703
-38.40586183656499,-26.01871187499461,11.737511636714927,-1.8509315140490612,-18.66537102030541,37.5567994754672,0,sample_704
31.418585334315406,-45.572924008060475,23.81206737788807,-16.223288036127105,-2.1246117280992562,25.391909280877243,1,sample_705
-31.850910448856414,-25.61424158846685,7.578012697681428,-3.525508540185304,-21.54073774787051,39.42810897641779,0,sample_706
28.75418492499967,-41.26542530545342,16.752191426419266,24.220956131345268,-8.604371984143816,37.7769077770492,1,sample_707
-41.882186192283534,-38.715989125999414,19.490093453164114,-2.3044800397046554,22.083857738395967,25.329426786249943,0,sample_708
-3.732166799572427,-45.43681151105324,24.71783821646377,-11.9479311866463,5.642577435937103,28.772533959707648,1,sample_709
-48.36093642704743,-30.95808421303446,18.57919501274154,-5.585713624005685,10.167669202922964,20.283033127805965,0,sample_710
21.594584169254723,-44.0849001272591,22.055323943616894,-19.55774151511744,1.0588542145897377,18.62791063463942,1,sample_711
-34.28672689994411,-35.241044145177895,14.519314495347034,-3.7155922388104097,13.524356397834847,24.25478625087324,0,sample_712
56.37808310279137,-44.64777161178193,13.849498923916178,32.714776339377686,-6.680265538661475,34.494527127093946,1,sample_713
-41.293981612867476,-30.18067654828583,19.67309352430383,-2.204706022944637,14.993712534985482,15.70127490185872,0,sample_714
20.303695273063237,-45.05071023815845,25.9179237327445,-18.471055656382237,13.776424064357935,10.389347381430458,1,sample_715
-49.56740834563038,-31.651837955469503,17.705838421772373,-8.278972239305391,-0.02933006148463941,25.370901703330063,0,sample_716
0.8699415710111842,-44.77188500357925,23.36264724719414,19.16388809196825,1.9138681903677477,29.96923533680622,1,sample_717
-50.37961326193763,-33.19028926635156,24.605966280243976,-0.8109888152672081,-6.280768122541039,35.72707858227304,0,sample_718
32.009572118545506,-40.75438679361136,19.999577068902052,30.466694932283755,-18.861435551918024,39.883260432788106,1,sample_719
-52.099754314880904,-35.11270048378929,22.43900040830218,-4.822150340678763,2.0586504053837484,27.399888214836416,0,sample_720
40.12079491508352,-46.438084002958945,21.320994759286588,31.858092564888892,-3.5655134207273638,34.95930836630718,1,sample_721
-42.686706405086284,-32.24397382658534,19.182171768213028,-7.815260265065714,18.762186775769056,24.256768910098028,0,sample_722
31.12087290614369,-50.21498542425906,26.621992610619877,-22.616574617580852,14.746372424012993,12.181350812907953,1,sample_723
-49.19374127475828,-35.60585529840993,25.98779709716875,-2.7111197268000846,6.316896238783792,26.24890547439749,0,sample_724
12.417147538647532,-42.83330203074295,24.66504452564893,-15.230016960069333,1.5323492981266302,23.124523154598428,1,sample_725
-50.54469064694301,-31.83534764147514,18.65637321072303,-10.241066261929705,-2.973009865107318,33.692184198795076,0,sample_726
-10.276797669235238,-39.84137092002089,19.49841730116182,-14.193085095109337,5.390417312703826,22.840869011206212,1,sample_727
-44.569986776572456,-34.356853544175515,24.513118805997543,2.924970112531922,5.2720846095410545,28.380888478069128,0,sample_728
26.097992487282504,-53.17542395906344,36.74363248761879,-21.832149047172464,12.787887482769078,12.166999523246448,1,sample_729
1.554724391760852,-46.00824470861317,30.045504832238322,-9.794894423611817,10.779296748692646,13.910628178678312,1,sample_730
-37.60171841674735,-33.49836563812549,31.08213467571537,7.334009120791348,-2.434389681703508,32.37906869221878,0,sample_731
0.9067973862371188,-37.70253659230781,22.353368786254894,21.917886842561686,-11.794297236360983,35.102980207056085,1,sample_732
-40.80190307423622,-30.887191312295542,13.104835527849978,-7.674168563248684,10.811250240863536,18.945352699477088,0,sample_733
35.72610321013743,-51.03120875929542,27.16736888951825,28.067263356232093,18.843265287885814,23.966267126856277,1,sample_734
-38.465059325028406,-31.3466933290497,28.057953480456398,3.9108427451721495,-1.1252704005620373,27.99290364393017,0,sample_735
14.553146508295532,-39.385366131973804,27.44422880719093,30.405150025579093,-6.018737021096405,27.230891725642227,1,sample_736
-42.70160300676515,-26.29060858645623,19.664102521787704,-7.801974938651829,16.938169320040824,16.690654079589667,0,sample_737
23.97183591438024,-46.60843491311757,32.04756579702456,28.91337539176359,27.984459599393276,20.7058342402489,1,sample_738
-46.46105404532939,-30.184535228390434,29.250008871492682,-0.9849723432555225,15.361841761614023,15.514868603042324,0,sample_739
24.69061928206939,-43.248069870239945,30.02015766718474,31.644598190440178,12.998008719821009,25.517043806801485,1,sample_740
-45.47590680323177,-28.202448687786404,28.12232524566076,3.286562702238051,5.289553399750464,18.220320427138166,0,sample_741
27.299271215512405,-41.186281245624066,30.601598256303983,-12.353176711083199,2.3531661239068127,16.276096271421157,1,sample_742
-44.59707273347409,-31.141401837662663,24.171098947219253,-2.612850746396615,0.9107060443445374,28.320762537988546,0,sample_743
30.96134788981525,-42.17815194872518,21.941507070451514,30.15178629941117,-4.757808281389,34.66751527971922,1,sample_744
-56.80064919224678,-36.09877794153763,26.598349174414423,-9.697087558982261,24.446527296903838,17.54241092555387,0,sample_745
27.564139761661185,-43.4118254877694,21.609965313398842,22.665439218927776,11.814527540179965,22.138477282983263,1,sample_746
-45.66462550330585,-32.43137768110722,23.98486421815098,-7.296321379830489,1.9064877148557242,24.785000120528586,0,sample_747
18.26679640323398,-48.47662408840975,28.33946836994496,-21.053905130137252,17.912852642455615,10.679413597492541,1,sample_748
-44.08308959383625,-28.216498772945943,13.82315438285859,-7.927550346325414,-3.6570880073829186,23.93197896917699,0,sample_749
7.6353327553789745,-39.12885040229102,17.16130136063657,17.744551501256005,-3.8740615709128248,31.016330592580385,1,sample_750
-49.93763381950336,-31.854093345235174,18.28670254542288,-8.865314725779108,9.163708357880177,22.86811163722981,0,sample_751
-67.87583074502625,-113.16299780528004,83.30984641534563,25.693296543613023,214.94037802931754,140.37819549611206,1,sample_752
-49.734887351520115,-30.34713755315025,25.506630416229736,0.2983567901684514,10.150997010032299,20.223835823909578,0,sample_753
3.6666644031764473,-39.364120578075635,27.295460640761153,-9.547081743100998,-2.4295832570966795,23.10900503521036,1,sample_754
-57.15537467090051,-29.650699383702694,22.50207715800012,-10.365675244819599,7.856992045688598,20.14831596556075,0,sample_755
28.77758266454065,-42.9785429562896,24.646014997196403,-25.37077290018405,-8.617979445747865,19.19726905257179,1,sample_756
-52.573358270192074,-31.75707803932317,24.0643067695732,-9.804736127174339,3.3583599327711955,21.201343617481633,0,sample_757
21.14817985814188,-40.64269935007239,20.388222244082034,23.111043101585143,1.6568677704295423,26.532269579976038,1,sample_758
-47.54917028418247,-33.450392938574744,30.76290083904858,7.621831613619661,10.961575286489639,20.515693368549282,0,sample_759
41.076887822311726,-45.457357197790785,24.784417039241735,40.38984208937038,9.16947317513555,24.456128229001482,1,sample_760
-41.50665122789149,-24.31884113509525,18.134925508215815,-1.28415418704149,-6.8021057800452125,25.878843009605237,0,sample_761
-49.65071486766603,-30.69416764044815,20.836833692558038,-0.7352334846533104,-10.340886460882857,28.910194889386098,0,sample_762
5.417216206925933,-44.68784652376949,30.956356351297924,-16.191581336382008,4.862832790718135,15.755249839283914,1,sample_763
-53.26918212245121,-32.57067553436589,31.391610951837144,-6.976457510387375,13.79533851912912,16.341201246959677,0,sample_764
41.43640026604563,-45.65979859171873,27.313970107752876,31.761492343810385,3.1942670593469753,27.545447419576877,1,sample_765
-64.15130036194513,-35.64740378174808,31.578952245986283,-12.5736104801639,14.517386050571123,19.00543800713988,0,sample_766
28.322388208270024,-43.18675370685207,25.412644752389916,29.988485434280346,3.1200706444603217,28.15493580466173,1,sample_767
-67.97038535720525,-33.757397269942636,32.24017271329137,-10.453399652226523,29.214119354391375,7.8623147904339294,0,sample_768
24.583551069228662,-46.55166533325219,31.18395971198888,28.082633719953996,11.479916160331118,20.307640188985204,1,sample_769
-51.382151950097715,-27.64177124841858,27.26272481094131,-3.8190233258847557,5.551076475870323,17.712146852634888,0,sample_770
23.373664571769563,-54.96301550120448,41.174822361478164,-25.607434970636724,25.790008025753583,5.520302030512653,1,sample_771
-52.38726010774139,-38.6944020684893,29.448139013781145,-2.5277873150038155,22.147594190883265,12.533035388947825,0,sample_772
-67.08316329333132,-38.21457853349987,34.36120216187995,-9.248852657173492,44.89192178081771,-3.0353109144465438,0,sample_773
24.20510434404814,-54.70006318088936,41.51616709086809,-29.294833466966526,38.92729855132372,-6.124564662662556,1,sample_774
-61.82939201666052,-28.313991146799257,24.05660568732113,-12.889308941774607,3.8812414981528573,14.68617246092126,0,sample_775
33.52744620578921,-41.88357869406681,23.769272638238657,26.31584933350281,-1.995692094053336,25.593854129376204,1,sample_776
-53.26972080735531,-30.841267679444222,25.98855552522496,-0.5124708536119721,9.821019616184644,16.53860039208604,0,sample_777
-4.366453997786606,-38.92038322994637,29.071380197270358,-12.763892113726355,-1.2816688223290023,16.266497247813703,1,sample_778
-62.582874790160524,-30.795673722199655,31.44680929188681,-8.14601795884204,13.10395083126186,20.255229859807525,0,sample_779
-2.197557927838924,-43.3261041432084,32.2261811282308,-4.98580846188929,5.473809980163716,21.557623220939032,1,sample_780
-54.75920753146124,-37.56964251920433,32.95595603329444,-9.041379640189458,24.235031920993542,10.345720333703785,0,sample_781
22.676949006224884,-43.669966414132304,28.343294244326927,22.159364502462847,6.452329397030816,27.666692616251783,1,sample_782
-29.78628710879885,-14.132990739594089,6.496375898516105,-0.5565911439594174,-56.45929292763197,1.308298334399014,0,sample_783
43.6220580559235,-36.84195195770931,23.485568753833885,36.893326456767234,-29.48947496785681,4.492860972236556,1,sample_784
-49.06046434261675,-23.436492996151525,25.165256800386526,2.9166757787783992,-40.52712564662679,-19.257798604206716,0,sample_785
-19.421500763179125,-31.8980690511012,31.8993907360215,-0.9504119776688816,-39.859424390044325,-19.768186774080053,1,sample_786
-53.87959304928659,-26.51821440383161,31.950498769152365,-8.585168715049543,-29.10241720365006,-28.731682491264635,0,sample_787
18.209875198402138,-34.11179815349947,22.359846015094003,23.28082956461325,-33.037939075788316,-3.6159913849184773,1,sample_788
-29.19005082256554,-25.46083304750672,15.190493356357798,-1.2875563400874859,-46.588556608676264,-10.015400668030622,0,sample_789
14.762063955493725,-34.19229318409952,24.124088213833883,-11.59983112133933,-45.27895843875051,-12.917446178727452,1,sample_790
-48.12697995049107,-21.478127188022867,20.76382580466086,-8.235664943382131,-35.104749999294434,-22.97915444309486,0,sample_791
-61.087517658826314,-27.38200190230689,31.000223576777074,-8.225578212637359,-27.08407863986211,-32.06396221219583,0,sample_792
18.145102693097932,-47.135112538433404,36.146938502656916,-22.871154380262055,-21.415203609260466,-29.47288353694604,1,sample_793
-41.265192038536576,-21.597685964549715,13.546600658974446,-4.903775121178832,-44.926805147468684,-11.53741875228273,0,sample_794
-9.277460546135698,-41.036230095582546,30.753260640440633,-12.282527248568801,-37.71681136854417,-20.70408796245449,1,sample_795
-61.728147923348104,-36.39051118381732,36.00819661314806,-8.230264274285139,-25.770593200554263,-37.33641685117379,0,sample_796
11.090438007960014,-46.903483941941964,38.06168783835214,-20.648363135591822,-21.113265184323943,-31.38935161993652,1,sample_797
-55.375019088644876,-30.78729010849036,28.848546306870436,-11.64482785280392,-28.222124371962384,-25.449622104108023,0,sample_798
-5.515640351181772,-43.6575896323575,37.49082860568644,-12.406986298081362,-34.75312477742363,-23.015107495610177,1,sample_799
-53.534925971774804,-37.9523213736403,23.41243941459173,-19.78135902560726,-13.949449750621831,-40.50333742828784,0,sample_800
-15.506783080969536,-41.885368374384555,28.280621334437427,-26.541425482349872,-26.848272094757405,-37.6787086552927,1,sample_801
-35.820815364422074,-24.87637927313572,13.24445504445591,-8.492902639526742,-38.758159210079114,-11.019014599108678,0,sample_802
11.560686820685843,-45.37027933684347,33.97202910695363,-23.623544044499912,-33.338408696108935,-22.591689188101878,1,sample_803
-51.014479061479825,-30.513071834604325,28.578521714840427,-9.240067611284092,-40.77465973928497,-19.1526472678551,0,sample_804
-56.43681056564868,-34.96616907628694,28.883666570088423,-13.969440835980533,-26.530866165518326,-33.07955912157333,0,sample_805
18.259469557383653,-46.10136305518907,31.643737714454982,23.631843459882997,-23.58575466934949,-10.538146544851807,1,sample_806
-76.34822739236209,-31.863828946044496,40.22014924315157,-12.322753623693197,-28.565325604740167,-37.35353499730867,0,sample_807
-23.629644717499872,-49.864918202839114,45.46875760774672,-13.821413292530217,-6.173245149462379,-46.058934247331734,1,sample_808
-53.33238513243239,-34.325165497487106,29.642222339257017,-8.11548948689715,-16.35793332866504,-35.29834420591778,0,sample_809
13.809828667414004,-44.64832355192656,30.79782205051001,-19.879534407689356,-31.707210939996102,-24.767044372883102,1,sample_810
-48.69568127219801,-32.65574811491842,26.4392998609607,-11.804735548404958,-26.715892529075006,-24.073637557196083,0,sample_811
17.444015641079403,-39.278358727765074,25.588037698348067,-18.771516559134,-30.33615029582377,-22.351110009652135,1,sample_812
-54.50716922542394,-35.31076479453661,27.38246021232411,-9.310659303615195,-19.66470050693998,-28.362778920815913,0,sample_813
17.333725783225145,-41.379219553969556,27.18618445841062,-22.83861901222378,-23.068159955116897,-22.78622942725233,1,sample_814
-47.99143882473039,-24.93222592548727,15.567808151551693,-13.330720743533327,-40.373290439017914,-15.958480967489493,0,sample_815
-14.117943244705993,-37.505357411305894,25.62054559844448,-19.58796693750152,-34.62129283540987,-20.646280887186865,1,sample_816
-54.60028607392451,-33.37093351924256,24.341869546281266,-14.645852072148092,-34.60574113851747,-28.3225808832848,0,sample_817
0.05267916265417706,-36.210347466037355,21.798674644660306,14.12567609143579,-33.39688869313794,-7.124154495124183,1,sample_818
-46.45499145892827,-28.923337685509942,24.792897689385093,-3.367211853939995,-41.00884727332609,-22.89542129021819,0,sample_819
20.891088179673297,-38.91702346707587,22.757007270526223,28.672944796912056,-29.876991321139627,-4.874039970660663,1,sample_820
-44.938908219142306,-27.129005426984094,21.443164909173316,-9.009967889110385,-41.31581471065277,-8.89335052570261,0,sample_821
18.01313977805544,-34.05794103192595,15.63002270828372,-18.591271473437107,-38.391356409327656,-5.190267605537043,1,sample_822
-37.24415971124609,-20.24848208683863,5.253911840813365,-12.814515703306254,-40.70223724854969,-9.471374515379331,0,sample_823
9.64605811183469,-34.09421990845454,13.719057237703666,-14.930945268295323,-43.17514196963946,-11.731878314363636,1,sample_824
-58.38068593977307,-32.71383024142118,25.837802824213817,-12.236485683289422,-16.874077292911405,-33.00768156435785,0,sample_825
5.752403679408828,-44.03347265378795,30.929827671040556,16.68220061392577,-24.76308198109315,-12.673366480477226,1,sample_826
-51.39208279319278,-24.732998496335153,17.73193801137857,-14.36178674564217,-29.426013489939173,-26.387623203088385,0,sample_827
-11.130237565432534,-36.056630397507696,26.108316661118373,-19.0650558027942,-30.018522237470474,-24.979336636415127,1,sample_828
-56.93127811027009,-29.73848329112681,21.977343837877758,-14.990648359196031,-9.088638528547783,-31.710649581389738,0,sample_829
34.76295373592483,-37.6537592171732,15.957773268451483,30.699451202777887,-40.57412600910877,3.9231648540367816,1,sample_830
-56.79854803303499,-18.356625259852745,10.27277886742986,-8.929407949178403,-35.56793075951477,-20.046252581671375,0,sample_831
16.82867389006143,-39.69976552841555,24.779132463651266,-19.313748472860915,-23.804662024356187,-21.5448536710739,1,sample_832
-45.51859621595464,-28.526475631802338,23.06621410344582,-1.2592550491888068,-47.23670214027903,-9.53180514543165,0,sample_833
27.57094600284015,-41.38108659868574,23.376020901365667,29.894845806176736,-40.20741639968512,5.4589181539583,1,sample_834
-43.623661555249114,-24.893264058851432,15.712684452316758,-13.698670695345166,-45.78092683882476,-10.265494130978889,0,sample_835
-8.540139218229633,-38.62616568924733,23.04404639998268,-19.54459096854446,-34.07212583259311,-13.938022779037619,1,sample_836
-57.435756754982464,-34.40838400378731,23.330331982289497,-17.66302321555454,-8.548786431470532,-35.779176779527916,0,sample_837
-29.4545451918177,-36.11876612564542,21.613262119591425,-15.97572903674667,-30.3820785533909,-17.688516985135813,1,sample_838
-44.89142229049958,-28.329998214338616,22.639124920025615,-7.79769151133279,-40.13665590176591,-12.685155250813557,0,sample_839
-12.822927033308018,-36.59839834905581,28.32537031020621,-14.616021653551183,-43.343859861667944,-13.899542236467969,1,sample_840
-48.322636037076805,-25.26673622022363,21.710754519119114,-9.608336172761,-38.17931385099034,-15.641270589869379,0,sample_841
36.06354526771791,-37.43376702316931,18.267804520347966,30.910319526264637,-35.27763039196137,10.713437982054055,1,sample_842
-47.016414503859636,-24.57735702337804,17.113120908396095,-6.047264991576614,-43.56363126728425,-15.51807613470373,0,sample_843
26.459851531855794,-38.96111906203885,22.558229734873866,-20.281616186988064,-34.349118276929,-17.56377910138305,1,sample_844
-64.81833864658304,-34.36948705844427,32.407091402368515,-16.537821488620253,-21.595814679464432,-34.67778716345558,0,sample_845
26.113702821286008,-42.193286282282585,25.487210714927837,23.005490312406536,-27.497832174228993,-5.209561770262943,1,sample_846
-52.94068434718602,-30.63251626721916,21.703079750726683,-16.61722071303741,-23.136550719669366,-25.891485513701898,0,sample_847
31.10317325629724,-34.94430276051174,13.076136714885553,-27.298743209910356,-33.32310049254288,-13.079785018470817,1,sample_848
-47.88008855974076,-31.522722043598918,23.55691984754744,-7.820948850695312,-28.620707195982604,-19.960572452391453,0,sample_849
-4.222225028191309,-44.071190179246535,34.34875092328526,-22.78643833329664,-26.347589063420966,-23.051423268397183,1,sample_850
-65.42465066545525,-30.673004926307577,25.463912275889633,-19.909358653097897,-20.373061582237625,-32.22991728763182,0,sample_851
34.12585611690971,-37.916442537039075,16.025013923297408,24.917333022649682,-34.14842970590716,4.597834018543313,1,sample_852
-52.16207370724793,-36.8354280631566,34.27471631183127,-2.2055162521542235,-31.83137238102817,-31.034821095456454,0,sample_853
11.114430952535143,-41.01921417218167,30.01791592046141,-22.067793949756226,-22.865105720667955,-26.998072563693086,1,sample_854
-35.430164156366004,-22.983382002772824,15.480443804008182,-6.8973090597951625,-36.93723241361648,-14.749874475250916,0,sample_855
-16.099697857362752,-28.458080370084005,20.19357327636982,-15.602494294127125,-34.530323955128814,-18.76364689682227,1,sample_856
-40.79727327824534,-19.434500066567114,8.764655526900013,-9.644108925659483,-38.814670499780824,-11.600716863135894,0,sample_857
-9.602037687161925,-38.720362243339835,28.364990379051324,-21.993499065123775,-31.954297219649916,-22.636995323410208,1,sample_858
-48.58239423518285,-28.13859092447009,22.35556750817844,-7.911633876333191,-35.83291511147909,-26.868234361608085,0,sample_859
27.633582919960418,-40.3772710803848,23.17141492939726,-17.860546549835334,-28.91330979141283,-23.36240909892057,1,sample_860
-49.77255066093716,-31.83238494197956,23.23050459719416,-8.651238358617857,-29.61747406554327,-24.00972383546542,0,sample_861
11.880107232913108,-29.99463933711308,10.936654961192549,-16.101816494050006,-31.647898848090087,-11.739567579595048,1,sample_862
-44.75869816298796,-24.193863818074533,16.22618149585565,-6.1295039281175026,-35.872258901815684,-15.25039484003081,0,sample_863
-16.077618704583873,-42.75564700640904,36.78561557364292,-25.56944722507955,-13.430954778435817,-30.137864318197778,1,sample_864
