PC1,PC2,PC3,PC4,PC5,PC6,Target,samples
-1.195869358672982,34.67564173891887,-22.56609133225902,-10.12448711033548,5.437069940632608,-27.289065776383712,0,sample_1
56.21988454361402,13.70743334768062,-5.176981876283122,-17.50017051239309,1.7558950204353385,-25.040686777207448,1,sample_2
-9.82985418901857,28.700385313270775,-9.131298361637146,-8.827665089597335,-17.92307308487821,-37.25375130499904,0,sample_3
63.60182191020832,7.700061067890081,-6.719630491455955,-26.42295644045888,-22.782804511924255,-22.051175912482023,1,sample_4
-9.94448255803593,32.47123067603518,-27.30847646166554,-18.76829608581452,-26.321905783757376,-25.460404477185907,0,sample_5
30.309838277391638,26.882772124838336,-26.53863594671726,-31.807596805595136,-1.2892692440579117,-32.454520479677434,1,sample_6
6.854689968018568,34.64083069456613,-33.29343430758874,-14.314767900899911,18.31581492362646,-23.624552218968475,0,sample_7
59.1712917103777,12.850677277538843,-10.423174449334427,-20.912588917060308,0.08392792569668953,-20.482244013250053,1,sample_8
0.37412402905426795,38.99857366015723,-33.10458528327065,-12.659959169879276,27.873451361280704,-23.284527781735523,0,sample_9
69.81060454717094,17.645010452438967,-20.321306395990028,-27.526581766078433,28.01870504662346,-21.26062600368369,1,sample_10
4.133485671020416,30.43344394451849,-25.136141248447707,-7.684591697337256,4.728210339772793,-27.591974884273313,0,sample_11
73.23064878076828,9.002064354525135,-2.7787863533991577,-30.624367161379965,-12.329922761103633,-25.57290691565559,1,sample_12
-16.988530395667745,27.50157455320551,-6.605375475616661,-5.0159168215332235,-44.668761841466896,-20.726312542659265,0,sample_13
48.364718144652755,14.11937937649749,2.7836993155189926,-18.741430849014773,-21.15900924232042,-25.432826667411263,1,sample_14
-8.72126401845245,38.96020735193974,-29.8070567029982,-19.767995727095645,-4.4906152939152,-24.265330107349865,0,sample_15
39.16073740734826,21.782582710529255,-11.584721337884373,-29.188498587425173,-3.7218553855462675,-30.810059531434707,1,sample_16
-4.659620778427912,38.97091774131892,-27.19421756563437,-17.270235331560006,14.032223161117303,-32.74387477922294,0,sample_17
38.85881436982405,29.830269410635207,-24.87579655572749,-30.663780430885325,22.18519267086284,-28.557159637452465,1,sample_18
-3.6321314097574797,36.23302772633674,-20.99629162373457,-14.199990617980264,8.415072467037884,-30.160500764822167,0,sample_19
38.437535962467955,24.717041376306494,-16.9163479805865,-26.427527349644294,9.92688567326238,-36.08860708546252,1,sample_20
-10.580726301363997,30.451520459983765,-15.449541589663655,-7.061652670191393,-11.246344176331645,-23.518410451086776,0,sample_21
39.244296634771345,13.411229204132042,-0.47885046494026834,-15.714529863744396,-26.165685231998644,-21.406652089168606,1,sample_22
3.4657030613143487,24.4156506612264,-12.766642673112209,-1.1902470146334696,-18.20482129723591,-26.471707305247765,0,sample_23
45.62081098846947,11.5260122846962,-2.232939355529486,-17.33539027376178,-22.81831022352672,-22.492394524198534,1,sample_24
-5.0351851023646885,31.13614252277366,-14.365980097376736,-13.56468802896753,-12.974754704905083,-25.005815128908278,0,sample_25
52.26243519319289,8.096407413178886,2.666172372793714,-21.679585198734596,-24.80696179834472,-27.255542769481668,1,sample_26
-7.9688554082041065,29.635166224398876,-13.888844464851491,-7.235460036382156,-12.072940159632301,-17.767973657077587,0,sample_27
26.56740128010294,20.5551953792911,-7.616917531691461,-12.329619255182509,-15.5778562711146,-21.565410945689038,1,sample_28
-12.972071873525445,26.007620358676505,-10.65798881282635,-6.434959104381798,-38.99525525856565,-28.02927399904142,0,sample_29
24.131335086125592,15.678344866413092,-5.725466347576166,-11.114708688721233,-33.62164933745931,-27.50726179453269,1,sample_30
-7.699250491495691,31.9228306160011,-19.420230576474843,-10.610004575687222,-2.7161194402435775,-34.71623644766603,0,sample_31
30.95217831866342,18.18947448620343,-8.685908860864988,-13.959660924380543,-4.965450964582676,-33.811461211721785,1,sample_32
-12.79229724173299,30.19526888891798,-20.952431585636145,-22.63443613886137,-12.675098647570403,-34.33197737704646,0,sample_33
67.00313297176673,1.403618740399339,-0.4869791096122542,-38.1186489866948,-34.0062289098617,-24.98384387047358,1,sample_34
-11.261747279478074,25.846844134109272,-18.718229347437532,-14.885418711237064,-23.15103463580929,-31.892439367862234,0,sample_35
31.725550117046385,12.316744214500515,-4.126147408149311,-25.562111247585356,-21.942693952441648,-41.10168363697005,1,sample_36
-11.212612659890606,31.21661063025339,-19.982721458435588,-16.716870610793446,-13.678080629151598,-32.81712039472419,0,sample_37
64.34831874291659,8.602987216350945,-3.686015758199157,-39.861370129439315,-20.46811527356874,-26.476344362956706,1,sample_38
-16.602375754377373,33.20417803706651,-22.71146625649951,-19.35226144468405,-30.085096560806857,-38.05435411560122,0,sample_39
40.54492894791152,14.921749906225681,-7.995414869643629,-24.8338781494102,-13.333209542120178,-42.1915523025387,1,sample_40
-3.3617955072542087,36.7861854620128,-29.957873713511056,-20.55091213557014,18.697060455233068,-25.732129674412317,0,sample_41
39.101008745237095,21.38857108668597,-15.888765733310608,-30.247816651445298,7.102198744561805,-28.869466169231575,1,sample_42
-15.748147361018685,38.179037345628736,-23.738050756847983,-19.27314356977818,5.741574949094229,-36.341135566843356,0,sample_43
35.864189611798416,16.21345160159915,-7.722050931124258,-20.361931489960167,3.138788049194573,-28.876721995510998,1,sample_44
-20.298508312831768,25.259272044126163,-7.78992729851585,-17.42189422486765,-32.629777694151606,-28.06937276973062,0,sample_45
41.95918773074999,11.489196030825864,-4.608665388285492,-29.47379759725041,-28.62920819045887,-29.047675469244563,1,sample_46
-17.33055727083777,31.859101482022535,-19.993286818619783,-19.917071375421568,-27.445017666371324,-21.491816019431173,0,sample_47
41.37807627149495,16.18269381837823,-11.715751192300756,-27.935411113771742,-9.13124124245828,-29.623030129386777,1,sample_48
-8.231357508375291,31.65676869305005,-22.063508937181457,-21.72349864926205,-4.76198404685623,-37.277024901745044,0,sample_49
49.48738179907491,11.089255485621946,-5.303518095710476,-36.09905541719944,-16.680364238316322,-25.920471438109487,1,sample_50
-10.381468850544795,33.40018545741426,-25.79004079442193,-22.463016927871347,-8.62398890201708,-38.165086089751455,0,sample_51
47.38803274997493,11.23896018905727,-8.564755844652343,-39.30878235967234,-30.43215475909249,-29.919807113354015,1,sample_52
-4.237008001053571,32.99936943115923,-30.93728381337324,-22.384749538492507,-3.2916334009193897,-31.441258994429813,0,sample_53
47.18745377693709,14.129380285743846,-11.36555814458109,-34.31808635502709,-13.523934858576784,-33.26762369262704,1,sample_54
-10.118934891579121,39.52634460750836,-25.33623778654273,-20.585478928871172,24.364153050017855,-26.920857761658187,0,sample_55
29.767229857716774,21.469595956709018,-12.19968298422524,-30.868938268828952,0.09412036553724454,-26.426355749291996,1,sample_56
-8.290681280559093,28.816365336031755,-20.403597547572698,-22.278681392887364,-14.24988322783343,-35.84291473406345,0,sample_57
44.428955345201565,16.376616855525974,-13.645067098572005,-39.26348807419703,-17.506423010840656,-29.201735485962043,1,sample_58
-15.837631696279944,30.00254243153608,-21.37556875025851,-23.65320430521598,-28.171556397616698,-39.678566154296355,0,sample_59
48.34263238047826,8.721738572369638,-8.091950242229153,-36.0398899021302,-27.947697491048093,-30.866873525382516,1,sample_60
-7.987387600596607,38.25489192428925,-25.46343925186794,-17.3361046349856,12.96499638072408,-27.735845389108658,0,sample_61
32.961489045177366,26.792134867527064,-15.296362640102714,-22.913681335981185,28.65320446900343,-33.864663254639055,1,sample_62
-6.037758095467818,34.98303327414554,-27.82158191542984,-15.805294724873526,4.829205850822906,-26.858913217727096,0,sample_63
64.55577947024013,10.516498877592438,-6.658673168771965,-35.748595543028635,-8.77212178623063,-24.884296951676177,1,sample_64
-4.3545049018957975,33.311138827297,-5.420024958324093,16.32833078296597,9.513046934381515,-29.197572927787576,0,sample_65
31.220200611047453,14.96107328444339,12.791248502977878,35.957720734824335,-10.687138874306292,-28.00436935038712,1,sample_66
-14.092079767499863,36.59401373856781,-2.853403564137328,8.374704327660979,3.669098770983023,-31.695901980041796,0,sample_67
51.95542409429284,15.340983682236898,12.02800918598514,-8.403583846351003,-7.171475366609189,-27.330771751409337,1,sample_68
-21.637298569640524,36.69434837102288,-3.2575782746346733,8.09852942032082,5.7730931715229,-25.136246170646377,0,sample_69
30.386774536978418,18.43273170866118,16.22275990936447,-4.439988561132589,-14.72132896822912,-27.76352219484179,1,sample_70
-17.482434737133524,36.18971826691545,-5.251943594841377,7.379238401099145,10.987968943143072,-21.003646247667966,0,sample_71
28.394024237464045,18.366294938572448,7.304106266886626,2.070258235050757,7.022534153255942,-22.873500727449677,1,sample_72
-10.348497981706252,31.03283687973258,-0.5019749549196424,17.994689885035132,17.102354995908726,-22.67253411466833,0,sample_73
38.67133844513385,14.014081069474317,5.71179014281922,9.699906490932007,18.92866965923106,-21.009575372753197,1,sample_74
-15.427743766490456,31.10583375367864,-0.750335775923835,12.799984583415883,-0.6822532112095374,-28.129349587509576,0,sample_75
54.1342079779921,-1.0117417150446064,11.428200131639151,44.64403203412025,-1.8106505427813442,-18.35827173274656,1,sample_76
-22.817745604959054,34.7830898527033,13.236428366800252,21.23081222916478,0.6936248826055095,-27.526390378415766,0,sample_77
24.92554310910043,22.870541376764894,15.430688927844601,8.576166074676099,-2.949277070795064,-30.500418181544394,1,sample_78
-27.400104166915835,37.08627353533384,15.49447046423916,21.1204907987329,-6.612392731540931,-30.99160963085909,0,sample_79
67.69555770466545,7.511733909789992,24.669169107165484,-12.384536725588992,-19.210955835521233,-17.801464773135162,1,sample_80
-18.127363190163045,33.26329840965549,5.107511307805872,17.029406049343105,9.20562444201292,-25.833812899210415,0,sample_81
17.826375820947426,23.941958739279805,15.478946917583725,2.721118795507064,-8.571631957400388,-23.955171553684433,1,sample_82
-15.167841254511034,33.60648340997204,8.444372282460895,23.863265917806817,-6.986158320215075,-24.667173816159004,0,sample_83
53.21297485202651,14.093049573312731,8.256424355497908,9.640334111972809,5.360640513609059,-19.55234487857181,1,sample_84
-8.631397034235965,30.76611797675892,-3.978319109859383,16.005733905411333,10.783891935883682,-20.248640773501513,0,sample_85
47.34898761299538,4.045722837779709,6.454416139561929,42.72155403811711,7.22042281800795,-14.632176542646603,1,sample_86
-17.340612477862724,31.4248066309534,9.611140626717741,15.789800374314567,-2.0576512621933216,-28.71648198168587,0,sample_87
25.708777997773474,17.854795927504266,18.83270925365981,5.217952939021951,-14.71835783553169,-29.453944425455468,1,sample_88
-27.626309144670675,30.567948104974313,16.194194193273464,13.283193038161187,-27.635466230560187,-30.826960881665016,0,sample_89
17.73812164641485,19.943196482691814,22.51983291511936,-0.500683479421143,-27.93987852428166,-32.477324402034306,1,sample_90
-23.94909493436751,32.31649269149206,3.2614437528833626,10.402186501586034,1.4319172142603267,-24.73656744532198,0,sample_91
49.439694786905314,1.2087301380847906,17.222933448526753,44.60635513131304,3.2960341726537776,-28.789254694440295,1,sample_92
-30.567186927769615,33.250928952113306,14.711669105384482,10.471459606888235,-35.65755067052666,-30.767792611546074,0,sample_93
20.877864344107092,19.165484979624207,17.342499727806466,7.880987660359703,-19.992796736510996,-21.931551330896728,1,sample_94
-37.27212186546562,40.05641897606985,14.936791985824746,14.588978457206919,-21.36997445870354,-35.97034862847923,0,sample_95
23.110616760285897,18.298061257270685,19.127288143975093,9.342302227513287,-22.6464377518854,-24.78617558132518,1,sample_96
-32.21198457328192,35.67843561764444,14.536949210467633,5.533998929422341,-34.981393765903256,-33.77045460375532,0,sample_97
54.1049965887961,0.2542519095305519,15.693117880525348,39.92111082101295,-12.818884124038028,-20.048692285282215,1,sample_98
-14.596001148374187,28.842636217923758,8.868564865760874,14.730619223927144,-15.443055251606982,-23.92090051123383,0,sample_99
16.379133491863918,19.044802193674236,20.777461519825625,7.739366982725724,-14.998107804827718,-27.49151803029069,1,sample_100
-28.373610778034312,36.474052039281744,8.841672272445793,9.61879540869852,-11.800316817351789,-31.258509278246027,0,sample_101
35.93778059650768,13.960712112548395,24.75590191182607,0.5974604392649606,-23.423998336761453,-24.64798574844478,1,sample_102
-41.20437453758571,38.676884748133794,14.789615396647271,0.7641196156488318,-46.96331676216235,-32.32897169554478,0,sample_103
57.047479438191885,-1.530150793605712,10.994370453571413,42.19288157620946,-11.399646208062336,-13.754391452042794,1,sample_104
-11.524628170968553,32.24729817134709,1.0924824395148547,16.047558789455632,1.8818262759793678,-24.13655869032764,0,sample_105
51.52884570083078,5.154312191957638,10.363191284444445,39.91908271022073,-0.925022398995719,-15.13232417638289,1,sample_106
-24.156172165913862,38.22730822385369,5.09973100257104,8.822471766933742,-33.932033584276596,-35.409108945406615,0,sample_107
25.090985511770278,23.074112312138276,14.834720354525682,-1.3988230375869295,-31.1859597471261,-29.625694942034052,1,sample_108
-24.601187203496057,33.76741274092736,17.153990180983012,17.092482280741123,-19.766215451628096,-30.15355180529575,0,sample_109
15.681004152331237,23.959960632581275,21.309391391868004,8.027370503117675,-19.347713047146712,-28.870893168302047,1,sample_110
-16.99840183671703,32.18686469797417,5.329656977902947,10.32912074232271,-11.038599246226346,-31.637250273026694,0,sample_111
37.59423069699079,17.976572167334666,8.113818420551485,-6.337510528861728,-13.22605476886927,-21.23928049513994,1,sample_112
-20.759993528681505,36.89450875795912,2.418928711991043,9.599510849277879,-9.987813127581374,-36.35727165096545,0,sample_113
17.181650485140864,23.731730582883284,12.704447610297489,-0.3260464263589099,-16.926494463768712,-34.38074973728532,1,sample_114
-7.629460398650892,32.205890550791736,-4.766914239653225,14.722643734548926,2.51384408492003,-23.056064917129323,0,sample_115
39.45997418429372,11.598651819506895,4.907072500125598,35.817576745063185,6.586906553211889,-17.258446761450273,1,sample_116
-20.850728454036933,33.47402832382773,5.4645272226855655,14.784556347096373,-9.41531253436884,-28.50019261189787,0,sample_117
47.011037486292814,14.208325969578624,13.887792809180086,-9.251910388525609,-22.650250084630322,-14.549165123910477,1,sample_118
-26.04460269885009,32.795274331133335,15.316746163545599,12.787576826902542,-23.275714150608586,-32.68463458128074,0,sample_119
29.92737351128057,12.444079423262089,11.365384140829278,32.4022960274739,-16.04090583287556,-20.395810146198333,1,sample_120
-16.30443064650577,32.254356590030376,0.8749787003123353,8.57460629639779,6.279845973029329,-25.35194086892462,0,sample_121
57.78504341949074,9.103186579334757,13.007586135853332,-5.296215059055424,-2.8426014035779046,-15.722075115245255,1,sample_122
-18.128174358846113,32.49945456625026,8.069414771970216,13.15569922811553,3.535498013521269,-23.32543584408413,0,sample_123
52.67421543864726,2.7730613672752398,11.571082720827118,42.122546074307216,5.206588112386214,-13.053867156011018,1,sample_124
-15.00718002929045,33.83997543783962,4.117275427502241,17.620968785413563,3.327217663609418,-21.05036213296978,0,sample_125
38.58337670954659,17.346016287859662,6.354729149895906,10.034794411429706,6.375969872856571,-17.443475585220433,1,sample_126
-22.06331091630785,34.308581534765565,6.707668968444591,13.68432644052717,-23.144049569543853,-24.1532675522082,0,sample_127
36.843990395433075,18.458291129104037,16.16935672854412,-0.7307444146866846,-17.380609264152657,-25.811673384256736,1,sample_128
-27.36209906553561,35.956625910892924,15.178956838243343,15.83034416094287,-2.959722880708745,-23.90039211822618,0,sample_129
57.309333265114034,9.42030323620146,20.797362424350062,-6.595397735308362,-16.50969486263874,-14.263236024353503,1,sample_130
-11.533368747769243,30.164272327409233,4.795128628861954,17.810609079106598,15.865345418787351,-25.679366099498107,0,sample_131
44.150600836962525,12.132048052718423,27.537137758377956,-7.900160546626459,-31.214507114349313,-18.641565146795767,1,sample_132
-32.222236230890736,35.55767238422808,24.834762928112106,22.270107026709187,-20.350667420392885,-29.870219711945246,0,sample_133
27.564039304311216,18.799052171919485,23.249585889617435,11.302498245229371,-11.042750650159975,-24.05884327674299,1,sample_134
-25.783987838839856,34.7291970864026,8.234600708026965,5.423920253603256,2.8617541297206808,-24.672786849422693,0,sample_135
39.17568675959321,15.579256075029738,7.839909173201505,-3.2906593569732974,11.480756881635326,-17.28287678797111,1,sample_136
-17.21293004965473,31.4901688131242,2.70739011837537,8.400056659600144,-14.989403602632226,-29.5767488976812,0,sample_137
23.510549113714806,20.810824064986605,9.264066363913846,-3.883296876265161,-18.917092313513518,-25.13278863540038,1,sample_138
-20.34095105907296,34.15962197719891,-2.411506206132935,10.54955510277464,13.551518997464564,-16.645298271193468,0,sample_139
38.20054466306265,16.496436889510868,5.925194189241906,0.6955415155027914,11.674491687719378,-15.14083557946924,1,sample_140
-13.020815012980998,27.50232457303413,6.21876806231973,11.247956241727927,-19.59686870482299,-24.666509643494283,0,sample_141
44.689537644060515,3.360275001352551,12.45872969518812,37.35628583021334,-6.707409910629096,-16.78993578491179,1,sample_142
-11.843642678396664,27.87956335208416,4.00272965313263,18.71568293563966,20.505499748464157,-16.36777127324016,0,sample_143
49.58531735812268,3.0272190272510717,10.417446549935487,39.53091325809111,11.622854118570311,-13.427265379673171,1,sample_144
-25.476531817746977,31.11156979052835,0.9489689285439197,6.751033957437661,-9.493443996429052,-32.79534463398281,0,sample_145
47.797033100477925,9.602510558154703,9.817244557274199,-15.909000905174384,-14.844056937138829,-25.539230651387243,1,sample_146
-29.045364564329855,30.17593029077888,1.1725875464851636,1.58911054146538,-13.054300179622413,-35.02924883011572,0,sample_147
38.44208948609058,10.257467770886512,9.085898064677323,-10.215105531595208,-11.248155876946981,-28.14370575685751,1,sample_148
-7.1138282161192485,41.685485941371134,-31.055069055090186,-41.94119499174367,55.29156891866615,9.78166847793135,0,sample_149
47.7072507894701,26.534971695297497,-24.32214418602287,-58.0267502105188,57.51350895542212,9.405842303614719,1,sample_150
-13.297878354589864,37.572285250476824,-20.779138970880293,-45.890084637838555,42.78208958729733,10.126936924275915,0,sample_151
51.93149245659841,19.052521910753597,-11.26860386326407,-68.60859224894526,26.95522877866275,15.262908383309428,1,sample_152
-10.976306314340416,35.80406673773589,-24.895633931581653,-44.215302515708885,27.999609520449006,0.3627410603000962,0,sample_153
46.86039688022297,16.558715464630293,-13.1202998972461,-60.96537078893069,22.204919238244567,7.592884951938049,1,sample_154
-7.747036726803991,31.477471393464295,-22.638663014995643,-37.91174545830732,24.1991862693257,12.201467623981586,0,sample_155
50.72811941300657,17.142047669647962,-15.79110404397218,-56.518284346584956,27.128837706141248,11.14749154302185,1,sample_156
-8.837990160745006,37.909653823644426,-27.875212780159675,-37.77408155311439,42.5263916282423,6.855609543545934,0,sample_157
51.68355978524763,19.206087146216774,-17.596723834231497,-61.708387319757755,25.749508916947335,9.511074392934894,1,sample_158
-6.2161961855331205,35.58230201690252,-28.46641336273965,-40.65106374604182,27.260616843423865,11.939116722437133,0,sample_159
22.914479235241657,23.11010120880062,-18.330346056872596,-45.07729664308699,22.115893944893788,8.478134476937857,1,sample_160
-15.114228735807442,24.598617223317625,-22.234338721398977,-43.265667612471894,4.731441328220799,3.3768372822081854,0,sample_161
43.0358134811159,16.92751420901481,-16.366596434619698,-66.07895770065788,27.751327848796148,7.212709015395579,1,sample_162
-6.090069600129766,32.597782192632486,-27.102443402649687,-40.42236759546463,31.597227696004705,6.27141954452627,0,sample_163
48.23713339485434,9.9486683219308,-8.569611149125883,-57.934492257706076,10.101980897407046,6.7830169524395485,1,sample_164
-8.438179881110305,36.5033843891651,-27.528535603839313,-36.38166770257406,31.92925873960882,4.921575537084925,0,sample_165
43.3702309348985,19.19255193144387,-14.60176061110283,-54.43299413168991,27.925308506805774,7.936004753092831,1,sample_166
-5.482314475720482,35.10542032710274,-27.0835337041809,-40.974518934842465,46.900443385505426,7.376227628907082,0,sample_167
56.22315914337148,21.96542777413437,-23.181501122141714,-63.72263266556281,56.758617877668506,14.153856745270955,1,sample_168
-9.347103064936189,34.0397211802431,-23.597820630732397,-35.138622667708134,21.41291220720204,4.164007592025769,0,sample_169
61.20670771025561,9.51209997413187,-3.4350391264993663,-64.78227482522554,8.105383835438925,7.845947759493085,1,sample_170
-10.306911590493153,29.786848804040446,-14.898658436209601,-36.0093564502861,2.9605255965235022,1.0540800362418905,0,sample_171
35.81715621582673,15.654997541205093,-7.511742177799754,-53.58923974462818,5.206802402566234,3.8621184727141493,1,sample_172
-16.102771965587436,37.95325698486909,-30.74325960140867,-46.61752419307656,21.00760537776087,1.4592757377360552,0,sample_173
29.991929753485024,18.470886133771263,-15.316332404679216,-49.65639269287207,15.443740027210497,1.8928880025690014,1,sample_174
-7.557210023932107,32.89400128534124,-22.615525209155063,-36.93496084969421,23.43276372964271,7.590180729562016,0,sample_175
54.57730647106737,8.098458668455654,-3.9482977222150857,-52.15084785568295,8.264183753225938,10.423394409454122,1,sample_176
-13.912504533048304,32.33452258470574,-21.784417515614262,-41.313669890129134,10.514495202341065,8.794394481970226,0,sample_177
52.21772096906555,16.020270415156773,-15.897263499644334,-56.51878199476916,35.38163042743844,10.514938730637496,1,sample_178
-20.655253826651045,35.46858727375806,-0.48034799534436934,9.79860660331607,20.842925980156583,5.286234569624946,0,sample_179
44.98504310906716,13.482454198488986,19.796005716899217,-4.880805132002736,25.180955530981304,7.760126992295669,1,sample_180
-16.891664998174708,33.359471364221335,10.83988695489033,19.095654425416875,23.400022193258494,7.045732034442599,0,sample_181
34.92639412126089,11.909102436574647,12.971246554235028,43.642090313640225,33.93161844959229,6.423324478180876,1,sample_182
-22.238358466605472,35.37094601379871,8.862080536760969,9.940278167806158,2.0846208792718817,-4.223800033529515,0,sample_183
32.01106918465413,15.797876642036337,22.739101283851973,-4.194180247545944,-32.61994532015291,-5.370834298767662,1,sample_184
-22.503979098115487,33.590376510560255,5.818171646406438,8.50200663360354,30.001894628508115,10.557344147109957,0,sample_185
62.02471854184469,12.414883654870108,14.882577817067798,-7.679360498725406,37.42988286391717,6.911955921055915,1,sample_186
-12.665789684918407,34.7097445543096,-3.1558470264414415,22.94946144449788,62.38318106589915,-0.41735016443662354,0,sample_187
-13.796554666427108,36.14963530160224,-9.502914794454899,9.78315625774229,25.841641479930757,-2.0515090077680274,0,sample_188
-15.986380846145332,30.31504844302284,7.144089164913714,17.551516796940493,28.562509946649183,4.698818176570047,0,sample_189
28.571881849917528,18.664160627544568,12.648382415168694,6.7023771360141975,29.005940836201468,5.357691613722046,1,sample_190
-25.746467396281393,38.25289017935458,7.611564004172076,18.15095757433831,35.71812475273705,6.623392756834398,0,sample_191
37.24732787298259,13.369384506074352,19.503846271944585,8.683830245625648,0.8365852280586951,2.259334771386286,1,sample_192
-21.440481743756873,32.60860911121389,3.1043778700950377,9.501530604500445,1.0927930894612352,6.962166079910271,0,sample_193
51.47166800091514,3.9621073937819484,15.56375440818857,38.528437144381726,12.225731447454509,4.384494515490485,1,sample_194
16.797933993006268,19.335566318745066,15.080246792130913,8.19044104496613,-14.690480814428332,-7.04985929976042,1,sample_195
-21.8847330073702,36.63255960023085,-0.6249436695461659,2.399491073397255,22.858690300474947,6.043031937833907,0,sample_196
42.254952559910215,16.260507722899256,13.13272319117664,-4.170630885413516,18.783702842257878,4.623894110761944,1,sample_197
-22.408223311552714,36.24068064959936,3.309201911905369,16.099606112233257,32.068923367308,0.08748662199996286,0,sample_198
34.19212126143246,11.717289596162503,21.443443040665343,3.7967857050821148,-0.2480260063228187,3.8253340533671243,1,sample_199
38.1699551897251,12.496305596675155,8.2248262296881,34.410642513917004,20.562166790026012,-8.327643033966451,1,sample_200
28.59586290020408,13.965144662483302,29.049280941357146,0.2681117276428239,-6.320247763194045,6.976288100270709,1,sample_201
-37.10772729842739,35.2307109451208,12.600431035804357,4.996926367997551,-23.643601148487335,-6.041364299913587,0,sample_202
39.63645246620025,8.334931595262448,14.62574989700766,36.43282122763216,-3.1449028034548294,-0.4257852314681549,1,sample_203
-25.523249287594304,34.61347467951064,5.158191105699871,4.104642500797121,-12.654072296425001,-7.2450302046578825,0,sample_204
39.423425612042585,1.5598909624614852,21.098223034107317,39.297616279727656,-16.57434826703245,5.256237264861459,1,sample_205
-36.663592191592215,31.685639302154478,17.88032778333012,9.556978542009173,-6.545589061284973,8.0170989839856,0,sample_206
62.76503470326202,-1.0548373856834024,14.501258390152866,44.056195838741495,12.10105121475894,3.0844500318396033,1,sample_207
-8.276152449206538,27.562784544957246,12.376742394558754,24.33574803078471,34.10940419391868,-0.0034661572873539545,0,sample_208
59.01183874947236,12.395925007077688,7.817745621289382,5.997752728266408,38.12223061133491,0.7924718312062272,1,sample_209
-33.45712502085792,37.08649335606085,-2.993518068524085,5.4531426282766,15.379905064574892,1.438834217351107,0,sample_210
33.7367717382797,18.874021347947597,16.293893652637912,-10.820669733945369,-3.694407506487483,-3.449809871894248,1,sample_211
-26.294181617921858,34.34985268636842,-1.7914130947008937,1.1845534231736516,-12.360191696741651,-3.4537645171943225,0,sample_212
55.86713717195283,9.962995998539883,20.57375196388151,-3.935187863677211,11.45651705354317,-16.456743179362448,1,sample_213
-24.96543310915727,34.27569185354102,2.05020442362984,6.976716098535344,2.562105434788202,0.33084272503488854,0,sample_214
42.85942756003904,7.352269114640932,16.591838398451,35.14726829947437,6.09294893858736,-6.768579613565088,1,sample_215
29.0662001732216,17.39299659907595,20.37627999239072,5.09839054425737,-2.6544310393659827,-3.9962287947698325,1,sample_216
-17.38257231308014,38.590613807571444,-6.4791602948401055,10.916400452931525,34.69309721977017,-12.042648535723666,0,sample_217
-13.296529489080172,32.19899571315285,-3.384101811593619,13.865864918771559,7.85193196097418,-6.258701089292066,0,sample_218
41.93728609422382,5.391972844579425,15.340848213332999,40.852145912872146,7.981208676329265,-9.0605062455187,1,sample_219
-16.017136889007375,37.91276796768028,7.474975781358524,19.65860470648234,42.6088191042473,-11.367958148709144,0,sample_220
47.66021321130194,17.12023491186128,11.48119072235494,5.922110233199533,25.390557141585848,-6.0530889483412285,1,sample_221
-8.834121723085559,37.424695887628694,-10.514801636868102,16.15723589796264,60.051667963220815,-10.189244494541027,0,sample_222
-26.032540428419384,31.96067785284937,5.439513688306208,11.593754423716094,11.252309788735564,-3.7811710849496265,0,sample_223
49.25350712410369,16.160919908841453,7.221801017800482,-0.2102505250135978,22.78112373836833,-5.277519645739235,1,sample_224
-16.065981905948608,34.1933156607313,-5.559885085128999,13.31898465588268,30.235407804459538,-2.411772974369857,0,sample_225
47.13658700741674,9.322935351372275,6.517013954131218,39.396261739202785,32.393175944803765,-1.9022780345384984,1,sample_226
-23.907955851613835,34.0944340071763,11.838513405787767,12.834486069236654,20.992557782604234,-5.0459117057717435,0,sample_227
51.526399300260294,3.451695543759705,9.340174627715506,43.71956131848599,27.08615432045331,3.028050766259508,1,sample_228
-8.33679214649436,39.14403620233891,-15.156818506469328,2.4724355801687348,43.45975082566011,-12.189956766568784,0,sample_229
37.00664389967158,13.695471282702455,5.477243437203669,29.330380710356707,25.507720027285348,-7.879796410793717,1,sample_230
-29.66198170723093,33.078487133842835,15.14306035809688,11.04588283868254,13.844793853567033,6.562594167986756,0,sample_231
38.9656280842021,18.79577183465583,8.968900085258793,0.1875189573813416,25.363998395768533,-9.63816090751271,1,sample_232
-17.69772847124926,35.05129801000001,-2.67918913208856,8.650965575763696,19.75665861175151,-3.3500027692140977,0,sample_233
44.96342230851211,12.807045159803181,15.700587151414219,-7.058381669065108,1.8917428931339504,1.182890230833654,1,sample_234
-26.336450740655494,36.55656215450918,8.499733713442296,10.176770855507145,9.400531468268001,-11.460622318823225,0,sample_235
-20.367170889407582,35.00824036577755,0.7063837898142106,9.917143061671192,14.877186632014633,-2.573352754539221,0,sample_236
38.08492679136262,16.61550745753775,5.532529249801794,1.6515272516353934,23.415707056632275,-2.5034802846074182,1,sample_237
-29.023068704716746,37.17638286857516,-3.8548636056113055,4.5326004906685435,5.2121696841801795,-15.185156498459907,0,sample_238
45.98356475514053,7.4479554973052196,9.555974927321815,36.75857760697811,16.3199276810088,-7.352025282032887,1,sample_239
-18.036131540595584,33.13037258111943,6.129764354317648,15.510022244392854,12.839301088037471,1.198795313475336,0,sample_240
38.2813118290967,13.402385165403949,25.226276261509547,1.8172740562756036,2.0727582856208415,-2.7835499796277734,1,sample_241
-22.508692848689563,33.93682593669403,4.042408230709468,5.7356832891182705,13.230472926752228,0.9160051271086977,0,sample_242
42.766891609023645,12.182365997992537,21.20830253922892,-6.713028722706983,5.998735796277366,-0.8431533896339435,1,sample_243
-13.171352968088524,29.206756142841886,3.4756293830855216,10.549459974830132,14.058403243660688,-4.64882673445083,0,sample_244
66.18753184240659,4.489166384309124,24.82691115406288,-17.00543882126109,-9.6621979594574,3.19157906580457,1,sample_245
-29.258599282490586,29.8517952291631,16.76107491799318,6.626817173578282,-9.154161575203773,-2.4960562635322883,0,sample_246
34.491248585374656,15.266733492898354,22.418517256117877,7.281830264901584,19.544716543863753,-1.7087625622484122,1,sample_247
-13.600675431251643,32.5401475268775,1.0624357680423975,11.495206294101068,20.327000508476278,-1.6251317111101025,0,sample_248
9.394173052789885,21.651364110413837,15.161512741949588,3.1769543921672847,-5.60231729352088,4.295530057730322,1,sample_249
-22.04132878633308,36.90752624739989,-1.601404606105509,5.495377063625236,17.852091612064402,-11.58494579594024,0,sample_250
-33.659981818165335,29.494423433952598,15.366910198556953,2.166970838158916,-19.81030177191689,12.058915820644925,0,sample_251
-9.421401662131148,30.547944143791153,2.6399178731957256,0.014272918395776166,14.857828936336343,14.605828096275532,1,sample_252
-23.67265034145559,32.41597579829672,1.4862043964582698,-0.26449485315030213,16.617085961788533,20.81482928284767,0,sample_253
8.25645859967615,23.0824266776329,9.45135878216953,-4.490174668214492,24.742447346815815,19.80875777115831,1,sample_254
16.65618371780018,16.257878544546045,13.801390447480605,-4.8687505695905235,-5.708533737895838,17.799826895582996,1,sample_255
-27.1647503233883,29.957093778666597,0.35208267609601457,-7.706608232287475,-2.683272163534195,11.674501970361687,0,sample_256
-31.826480540699155,26.269332524529275,11.70797127491759,-1.9370748370087094,-39.25795830400685,8.673780313222947,0,sample_257
-23.625127412894567,35.352940847538086,-1.091579353213199,-6.702020810622365,-2.7724035567781233,8.276634447827876,0,sample_258
32.06207383877397,13.822600152685153,10.774538448824837,-15.056333015839682,-18.025326356418216,9.57266314338869,1,sample_259
-3.5515665214630325,21.17786830911341,13.476811561210459,-6.6057086428711065,-28.395259860820058,11.256883790375673,1,sample_260
-30.002569427809938,31.369729524553858,2.9571665970811716,-2.9118363077392106,-6.728414313568494,13.26550673804036,0,sample_261
32.04347500923246,17.4373384148745,10.03172409129992,-14.91398145206827,3.0028637524872295,12.915949964835702,1,sample_262
-27.897176506549467,34.50523695785697,3.050260032250536,3.4867317366199453,9.950051930937102,13.826134757538028,0,sample_263
-30.959649977146572,28.325045524080306,11.250256547471324,2.98415857061511,-8.544088597300151,18.8087081579295,0,sample_264
38.17655146775774,12.706183259945961,16.293224991094903,-10.66317248366004,4.782603968384213,18.26936673217154,1,sample_265
-18.85880711168022,27.277961754949303,1.290109096117522,-3.486289447608296,-4.641629483285349,12.858596575248395,0,sample_266
36.03535161880647,11.087275896620412,11.357016227891513,-16.464047290851152,-0.6324084570233739,16.618995040729086,1,sample_267
-32.13877478445581,35.056566893369705,6.379038540531767,-0.30599974855166256,13.902158730856742,14.881181115426081,0,sample_268
-36.01965489030596,37.268926220017626,2.8363127686632343,0.20682002313582085,11.574166612898772,15.426053495229336,0,sample_269
-20.40386533510802,29.906196080856617,3.3589163481825213,-0.9122525580108993,6.3301322083024285,19.853890472470503,0,sample_270
32.28312832983808,20.03376533974115,3.9934836874171986,-11.987182560174702,24.952381745742663,17.303779539066145,1,sample_271
14.727614811213012,21.49619037882802,22.149405263275433,-10.416814500819626,3.898402399837613,16.37635682093859,1,sample_272
-24.031567673815875,27.06676879563123,7.541449937856319,-3.4398580284304963,-24.279297312540017,10.090376745359755,0,sample_273
13.794638123493142,17.214367831054986,10.597261873336283,-7.827415484100592,-24.03100646674994,10.181672005149888,1,sample_274
-35.50757005445502,27.896023279690898,9.724389246177658,0.34651924263784256,-28.861221429538883,16.883560306006174,0,sample_275
43.397674264815215,10.622030453786907,22.071669880398364,-17.101069718293854,-8.719982870815226,14.394637318505428,1,sample_276
-22.416412796901138,29.81925910838064,1.804320790315505,-5.673735697670362,3.799117626385619,10.48349422246891,0,sample_277
-0.1741274605130903,20.058546612212393,11.047639900454273,-10.816061032155657,-7.740580052103795,16.28346746799693,1,sample_278
-35.05259316223635,31.64832023397049,9.631327116894242,-1.5710142226706205,-27.238818609118823,8.523486466443346,0,sample_279
-31.485204739328683,35.13070746525466,5.758687089875206,-1.0207774061010981,-1.6027912066152592,12.0010976967,1,sample_280
-34.18440732331187,24.99366733347219,11.751460235695273,0.19456158677989283,-27.790181024342377,16.044018885448732,0,sample_281
35.537454846045414,10.10034407544154,13.612285308313258,-9.573794978724742,-12.639635735921658,16.38032877415137,1,sample_282
-39.526014032136025,36.09551098946331,2.275801407255645,-5.215243873156903,-18.08072450328954,12.623098037913463,0,sample_283
-15.14790313316475,25.253028144261258,13.582589634913196,-5.708296896031261,-19.716465716448084,13.325779814812895,1,sample_284
-27.76927346073033,29.793472920018658,0.2075063453450121,-3.886389158415787,-17.48999460654384,12.835938183640309,0,sample_285
53.77229674538886,5.152245286795531,19.135400999156502,-22.302922581534553,-29.04500355848594,14.418588715841647,1,sample_286
-34.892975859354635,26.55921577708488,8.255367733953216,-2.1979886827532393,-55.422524286408304,12.866899768031935,0,sample_287
61.73654050744956,5.653108900428771,22.006897796753087,-32.12831356699331,-32.635793331911955,10.499100544419829,1,sample_288
-25.31651717896203,29.52545643207006,5.547344958176201,-4.671115284349129,-1.7433553074967203,15.884070576362,0,sample_289
-6.780183986232335,20.785553480915237,17.682631930224765,-6.567493215370519,-18.273485976957733,15.592357061256621,1,sample_290
-21.441498101117336,30.687475808927662,4.66661837530449,3.798856403353383,11.156134006059578,10.191570030736802,0,sample_291
28.308890874009254,16.18490977664076,18.1602050876337,-13.344271371742918,-8.561865624961554,9.32184157129083,1,sample_292
-21.598170564960895,28.13578810194488,5.87257946206758,-1.0694978714370782,-9.482185574478985,11.766586223778429,0,sample_293
-13.145442004220936,29.7704126891405,5.999631096085309,-3.515510520393726,8.671302474729757,14.296355660970391,1,sample_294
-27.14884000837021,25.40324834553079,11.966287563324112,2.1075300412416325,-16.291780666957404,23.678561128654515,0,sample_295
-22.823946898344936,30.115238377966342,5.313033542967877,-2.047541869944111,6.965412052230059,23.805325694903058,1,sample_296
-25.245570203093585,30.586834861633395,6.798512238001455,0.702891046406691,-1.825508976254297,12.900606560166503,0,sample_297
-28.21621295333805,35.79401339449419,-2.4001103247798103,-3.920658324417315,13.312914920519802,8.866960257827138,0,sample_298
-19.476413206518277,30.94398967671581,-3.5617221567568116,-4.609744991123906,6.597845397213707,14.74589055355515,0,sample_299
29.80870049848885,16.990521063763,7.721096704102006,-15.35453874536804,7.711332849312941,11.982146955998864,1,sample_300
-25.157076764973088,31.451219505433436,7.145562623392051,-2.2827987632989477,-7.021025255439177,9.09901237193815,0,sample_301
-7.220719237192706,31.004371333259964,-0.5087499375890372,-1.459181779548904,9.846204506667732,8.891863921144232,1,sample_302
-23.927405971649517,27.87510754363979,2.5998457909068264,-1.4426055326315246,-4.771573060185626,16.661702825046998,0,sample_303
14.217490316149158,14.811261881242478,12.814852021956751,-4.329595036346344,-18.24726353757472,17.410724055001477,1,sample_304
-34.172530972832064,31.927061734238542,4.36863622169514,3.495764962614473,-29.19520424827392,12.248157344031197,0,sample_305
16.492561432058263,13.579389866803833,15.072649144019886,-10.913765978274524,-7.985293631912443,17.623636385241497,1,sample_306
-23.108464293097423,25.446674918059145,7.38485793134061,6.585843326489432,-12.140824978348439,17.747232758649574,0,sample_307
-35.83853474360552,31.44249933289541,5.17489282521856,-9.273241442373903,-19.61008721440435,13.994421631409159,0,sample_308
-17.10928410411924,28.610918232137784,9.941903255098334,-7.698767489382092,-9.116767640660298,12.344786943338882,1,sample_309
-28.337100323145197,31.846627101009776,3.325106886664512,-2.0251789540039677,-9.836012269867075,8.227564789752387,0,sample_310
-33.39716507032003,33.49712656250358,3.366786072381929,-0.14813586751720997,-0.41686759036870275,17.685240281973275,0,sample_311
62.63783663324592,5.651866501530581,19.986688065833246,-26.252095634475243,-12.54573221123327,17.893548652239062,1,sample_312
-22.553987134467146,22.79613774304391,2.683722888569277,3.6680742549393734,-30.386459852161224,9.313269879983036,0,sample_313
-18.191400351818057,25.276081375255586,2.197958638221217,-0.054027464294039027,-4.862429013205819,8.816261264608606,0,sample_314
32.453180151164105,9.371371861793063,17.461063923778735,-13.910240056713503,-21.954999635340997,11.613396711412388,1,sample_315
-34.804198106479014,27.78799077555242,10.557008235596049,1.947432652807419,-9.77147892876553,15.812222944601869,0,sample_316
33.25312280481718,13.004630364503651,16.458233535554154,-16.607448145396113,-20.24973139812061,13.063158054765651,1,sample_317
-24.194446092264144,27.865866742884513,1.2189841972690383,-3.552378958161851,-15.592256578809769,10.559583018380408,0,sample_318
-23.327980618941996,34.166351862761886,12.099016588698293,11.838851076711734,16.182428590905687,11.821168463578376,0,sample_319
36.777674557509094,10.747248999281549,11.33449045508481,30.486446291933714,8.534870155813202,18.218965253905438,1,sample_320
-31.05879852667285,42.26148715293206,-3.908144874912794,3.5527628160979994,20.197286373647998,24.45584889076571,0,sample_321
7.842451985277422,12.613345837905847,31.262909326395036,9.352038734998164,-4.90049670833682,27.188341524760453,1,sample_322
-27.198024551479097,28.60492748445287,10.370626166583795,13.16884057403714,2.2672197703636474,23.555096332557333,0,sample_323
56.17061919886622,7.745205898776998,21.47223693895149,-9.984853162742455,-6.754798990853565,19.23650422002581,1,sample_324
-33.4822225670941,36.93029618887311,13.423778310900797,9.654027198295264,13.693462401943496,32.49569399198925,0,sample_325
34.3738379894874,18.976259546344778,15.53778803761311,-2.9122939004601887,20.092320248925404,28.841772355769915,1,sample_326
-19.703515303219902,31.68126479445069,10.722170190644382,12.218581965210014,4.709969363819221,15.991065726860286,0,sample_327
44.80933827595348,5.988909976738464,13.382394595609192,39.739932179451536,12.378634599228631,9.71416932484315,1,sample_328
-32.915376687112634,31.977007155435004,18.322256878083966,9.65769886000585,-22.319130892483013,18.02082114575088,0,sample_329
44.61419152106571,11.2045437057207,25.72992985068402,-5.831541633522221,-6.675505398387773,10.001526964592866,1,sample_330
-26.415584322104976,38.25596217532866,4.190770090215715,13.038558080379381,24.842953558173445,23.872676581265953,0,sample_331
55.14810207377978,-4.018101256511994,19.973930681699528,46.62478004841347,-1.953547894573635,16.78068307476458,1,sample_332
-36.44814803807077,38.75323866915117,11.787689574352756,8.66056118995527,12.85005759262284,24.532160995685384,0,sample_333
36.16090701739811,5.4399385536834135,21.464394676782955,37.25797165572522,8.98568714924098,13.499180458584737,1,sample_334
-23.352642731173066,28.963883027687917,10.148194036692743,4.740989942304399,-4.007415186677914,23.655938417361305,0,sample_335
38.256574461614164,14.341628299861625,17.634656279509795,2.4615540597873964,12.658803790664509,23.3994146879219,1,sample_336
-26.0345844343331,32.07798389549491,13.147838086150767,13.40350560614412,1.0083360724314603,26.219611064146026,0,sample_337
33.883578204152364,5.609674627769499,18.688518732670012,39.75295056740408,13.519270324300681,20.436940221949534,1,sample_338
-24.843268172556154,30.576710357299767,10.371805283092378,14.671121865604796,-2.662785320785715,13.829338444919147,0,sample_339
35.076593354298964,15.852392940057323,14.875306983094571,9.853285752671736,27.020930079985224,8.162518135303596,1,sample_340
-25.47133223039824,29.42105411602656,12.58172833104297,12.134059202069027,-12.740849488337036,11.624985038415502,0,sample_341
54.390792458972065,4.699186385813913,34.567062806473025,-12.710502651668126,-30.686892195427582,14.74364515388502,1,sample_342
-41.70699427045406,30.774968723437677,19.980478086978344,8.122496261639588,-28.32250724856338,17.71179471629614,0,sample_343
8.891674673568367,13.183115179768341,14.055473336332383,24.64989851794386,-25.228792486318717,17.120899947588192,1,sample_344
-30.035523328785754,20.96827551645575,28.941548533263354,21.158240860709395,-37.495438924914055,19.78831482165997,0,sample_345
15.642513661492995,10.755485745129056,36.13862204596599,10.055643115731227,-35.48932373135509,14.578042974296896,1,sample_346
-33.184702617469206,28.863831924765442,26.568410328368504,20.77036831855224,-9.30748489754161,21.753806128848197,0,sample_347
45.47454906337884,0.573360462580115,25.543771788556477,45.59477668243688,5.555983711465794,14.88879159759958,1,sample_348
-23.841070709929788,30.254012799536476,20.568898516883852,18.736399289307666,17.402043220763414,20.36362117074431,0,sample_349
56.080569454842966,-1.7149073934919354,23.000988431752102,45.21175090262914,0.1702738372588506,18.202930988078208,1,sample_350
-27.02456579395869,31.850760529447783,17.830175935791846,13.768137064416369,5.533882210953581,21.254316358600036,0,sample_351
21.278897147077032,12.231089467943232,29.093322301139317,11.482991216865505,-2.7946676701297206,22.74807200583311,1,sample_352
-31.708686307729455,24.3930963684673,23.66137717200802,19.14899811966618,-28.975626622455824,9.554601337895566,0,sample_353
54.190867857325735,-3.2791130783249547,16.108265666553912,45.455501492431665,-7.100538398309057,10.557877630815764,1,sample_354
-25.910332157735304,29.522488204117487,16.89901983375805,13.661775951144378,-2.2043574921480102,15.304080744806715,0,sample_355
58.30597468583944,4.8390027483942735,34.71846747570469,-5.776168002121855,-14.25952651110863,14.316080247071147,1,sample_356
-26.340656071451516,26.653014041915284,14.124786365087909,13.326639749419536,-18.08854495653796,15.892645200776832,0,sample_357
34.14160135609546,11.058339573785624,25.877616882932497,0.7613978715182915,-20.952994674954727,17.028658229485714,1,sample_358
-31.634489632079372,31.24050117953822,19.45415774411924,15.766334591291827,-10.874430023378986,12.95104877804618,0,sample_359
40.28485484736945,19.295359815330837,10.834439493793537,9.410334912603252,38.609516879299925,10.059811951845228,1,sample_360
-15.846717364686178,26.46077057714531,2.5846384942910534,10.262399884047603,12.923231323235543,13.062514143842618,0,sample_361
42.53344000491493,6.272482838531168,6.5249660128486395,28.950466757387726,-1.4882422974889784,16.99982596043814,1,sample_362
-17.630796276277497,25.92621254392792,9.820912910934583,14.466091715522497,4.732656686583692,23.8263616791412,0,sample_363
46.90757245264336,3.0101873789486118,19.1150966151179,39.94805427136631,15.702601782087251,14.160288551593966,1,sample_364
-21.55713924929145,28.747982495790854,9.106071536223567,13.256245233188668,-3.7790764252126627,13.856127795749073,0,sample_365
34.66917747873581,12.588160257147013,21.10916790271757,-3.7379993041075705,-12.90792728110958,11.0240892330475,1,sample_366
-30.515098201574496,34.40342976943935,9.02922555325731,12.860324510963627,21.157742529218773,18.101942260235884,0,sample_367
58.7673934586212,-0.536553282926394,9.968594998783429,42.36121450774356,14.179405837484355,14.85558189460748,1,sample_368
-20.66446367918289,30.872250023451425,12.769773406248808,13.135861954210323,10.249919272980057,13.057482728561325,0,sample_369
17.92744462799613,21.602875317163395,13.4219084082234,10.195857841068529,24.702773838860928,12.286429213475316,1,sample_370
-24.600484284900265,32.518273780869485,9.677028722176717,14.781430804194441,12.40034922727259,18.479011553365684,0,sample_371
34.28741068712877,16.581372962395005,19.27118321486849,1.4253438200557467,18.483394269116957,15.014847938395928,1,sample_372
-26.441973545528388,31.15599923065251,9.448388629284167,9.793339915566525,-7.094357082548203,22.00887877601378,0,sample_373
43.09109966956036,5.535267687445994,8.335054658691579,37.79834633884603,9.974314734375843,15.482862085825891,1,sample_374
25.67939389398489,17.027997517173734,18.48364713053172,-3.4437768748899775,-10.138193784327584,16.56242156228096,1,sample_375
-18.18804630003445,29.609640250350914,14.582082535593749,14.74146023600929,14.98839926725627,16.766874121654645,0,sample_376
41.806343125334024,7.141911323611358,13.593652596367123,39.97015876259147,25.957617988374192,15.277314354250477,1,sample_377
-25.195476636340754,30.453369518985006,11.22349152650919,15.692106697291045,1.4025227625475316,15.308182345579905,0,sample_378
34.41689715154283,11.643677034294177,7.379896278990775,33.67963003566585,18.567542301971983,14.620178350032448,1,sample_379
-20.811787193516107,32.5871723865954,7.587685246114908,12.494039051100334,22.85883896727037,15.037534969375004,0,sample_380
58.43774451277919,-2.748270301448806,21.481864271728647,44.102286463061816,2.0318492170772835,13.543325147228362,1,sample_381
-27.594224353237696,26.00569017739439,11.927137503724548,8.618937950919499,-18.52677538286801,23.744099152662397,0,sample_382
-24.42343614009292,33.89749037758931,11.203201167893528,16.66347733873872,12.449649971776013,18.20103192400618,0,sample_383
40.7871057720819,2.459497554481571,23.443664612189792,42.66188647358653,1.085269410234151,13.316478170415756,1,sample_384
-27.515908847990055,29.21763264107326,10.762690341870655,6.286430284041817,-20.786620338082717,13.95341429809276,0,sample_385
39.75106172284072,6.051164022526546,26.66760461156522,-3.1109685020094417,-22.81561023700835,10.535058349324231,1,sample_386
-18.682925404971563,22.244590495448197,17.54826950035253,16.92612965389086,-2.1657804961369838,16.539439279723243,0,sample_387
34.09083451888918,9.453575293569697,30.69633727091523,-5.4365203472734684,-22.229453368203473,18.65658162745359,1,sample_388
-19.542265872386658,24.803333425300917,14.547078240615992,15.584898387942792,-7.440647027267993,20.266162938971846,0,sample_389
50.240920610987665,0.825372441359907,12.662374874165504,39.46075505044835,7.9873281094470885,14.293778893340708,1,sample_390
-21.052201586879647,21.414978456161897,25.072704488295805,24.348656949739617,-20.80606085750724,11.510476520195004,0,sample_391
26.434945161441078,11.476795500105354,32.623072980961176,-0.7024651305280587,-27.089492428366594,17.229863798375515,1,sample_392
-30.795949057450642,30.367792471079248,14.476721779418245,8.40486707420277,-32.974371568688596,20.671814222763686,0,sample_393
47.728765469890455,8.670799404600746,18.846910465034146,-4.299913288338667,-11.351300459868058,18.961348316297425,1,sample_394
-30.425223545062853,30.003297325011175,9.526493851096056,7.708580893035126,-17.736967044880846,23.226494375805498,0,sample_395
22.12772200826659,15.688800869578493,25.139274843683186,0.7001115222757067,-8.046510578188059,17.11164979470167,1,sample_396
42.89901590319098,7.9828448272971855,27.05665773595473,2.9953099893768407,-14.984410721072098,17.015525919671983,1,sample_397
-28.35883245567212,29.08163053165565,15.138240844311962,9.585848768109022,-16.893746157391128,21.37170844225165,0,sample_398
65.91179364535321,3.992663641733161,25.648460802276247,-17.268841541563134,-19.242287303915006,22.90625667144998,1,sample_399
-15.574322993711126,28.55039312364892,3.4632316361699367,0.6622848670606988,-4.10554748326829,18.37737614848346,0,sample_400
51.47836343232598,13.886445862419128,11.336189074965866,-13.885318910987838,4.344914547384058,15.84163249207961,1,sample_401
-26.923217492102488,30.794022026216204,10.77107338811143,2.892832610652537,-17.932336104427698,14.21377207057595,0,sample_402
29.488731868820068,16.537692001296787,17.1678500793252,-10.379530675603156,-19.69484902516949,15.045257118818562,1,sample_403
-17.482813578476794,34.93895089661996,3.256275435418971,0.04148295527185,5.413486711247119,16.360641991095967,0,sample_404
45.92418739039302,11.729178670188208,17.20714608538851,-12.916605912590505,-13.318749125991937,15.982732225945016,1,sample_405
-21.392188862420802,38.33891387415358,-1.9721548203434318,-1.1651009358168494,29.696884222262078,28.083892279849643,0,sample_406
44.45148378531985,17.033413944707544,17.096261286424046,-14.163986681727883,11.998947467832659,23.881555546742835,1,sample_407
-13.19848478938789,31.09889194263869,10.000731304952769,17.211977470629,10.622820981778325,27.13154808755729,0,sample_408
26.93205243714307,22.88539692154632,14.058331863210473,6.902028064804117,10.677742068177155,24.686345637785166,1,sample_409
-22.47478534780829,31.828166730874983,1.9623574953972767,-2.6762319472626235,-19.696510636020907,19.218206125439973,0,sample_410
-16.484690822932304,34.512288588257455,-8.112482696192725,-2.0377828547190853,16.613837570565753,23.152581803095234,0,sample_411
12.344347167563733,25.880746143842174,2.6053428191200383,-10.685275599040521,9.177306569791085,23.193881714270645,1,sample_412
-19.27705409276357,42.922480143324165,-16.192285413079734,-3.319201877651605,37.10293242192736,28.577193459452875,0,sample_413
35.65747513278957,19.411649192479885,7.4823646820188525,-11.387716597836686,7.256596320113028,25.211814055068587,1,sample_414
-22.016144838130135,37.27515825704511,4.44550423725421,3.937490811761468,-3.2903508503786085,20.519001799191958,0,sample_415
-25.34033710107286,36.55530439045246,2.2968961823281493,5.348800848851382,14.040804996267562,25.681708107695034,0,sample_416
27.350040280886795,20.065830999961676,13.374177605086048,-3.3515603705062333,7.468407313488418,21.947091843200802,1,sample_417
-21.50836723041318,38.66252220546878,0.45786707145689987,-2.1390172372269234,23.99858057462541,28.123312832965514,0,sample_418
40.790188567654006,15.32938693122649,11.328013188670655,-6.0101242148054705,10.091230457052557,25.273855432536497,1,sample_419
-17.93280600157226,35.374329013308895,1.655110797666284,4.805157857966706,4.6466364338928345,16.07662493460791,0,sample_420
32.71955931102156,17.287588516277836,15.198164422205608,-5.8450945706507955,-6.251746604043874,21.142071814244783,1,sample_421
-26.63210973181208,33.72431628638616,6.8511823983847195,0.4636087669264527,-11.474618788142124,22.02531856246054,0,sample_422
54.500832935142654,0.19338094858755672,11.065939951447687,33.5838113136638,-2.5151850914518326,15.914627245375781,1,sample_423
-25.343940195249644,38.82741042309664,5.746025735668903,-1.514234931712797,17.382076734012543,26.4807407978402,0,sample_424
44.60711580191375,9.574673203634148,24.31592869338146,-12.277684450452535,-10.906931932742216,25.541563609587275,1,sample_425
42.91198704671045,6.452332939892805,25.434680899468262,-10.68104637287091,-39.33390234379719,14.916367269433584,1,sample_426
-20.17266247242183,35.63381954763862,2.6637818233511394,-0.9324925552498362,18.053466843821212,24.89067227042628,0,sample_427
44.52422493247048,12.284440095729819,17.627264342674778,-12.76407732730455,-3.35115250905487,22.63860578089193,1,sample_428
-19.661005707481607,29.219293306829915,12.295826739015842,8.782261484028075,-1.1164172340570246,27.013932897966864,0,sample_429
57.14672235541007,3.483829718251719,30.29775292074787,-5.956273626933474,-33.10005302213229,23.96796370480204,1,sample_430
-28.671791856137073,27.537578198684713,7.5121401382803565,-1.922216949257576,-47.08858549048868,19.976883455495038,0,sample_431
43.05255166648408,0.9781688402210224,11.426824659256742,29.131713728292063,-24.715090007201866,14.63177925658625,1,sample_432
-36.78305363437014,28.998254684666755,21.68698991529916,-0.01802214393547665,-45.04893976240951,19.758874768461588,0,sample_433
-27.613604717222977,28.73010536196444,6.019721513381683,1.2589387931605287,-31.874769754210455,15.725869718983637,0,sample_434
36.094203544233324,10.379272477871817,24.177607617461017,-16.105180225998513,-37.13688834490931,18.344392445870113,1,sample_435
-18.882392587416305,29.199060976935954,-0.22922792234861014,0.9589440613635011,13.164264329651294,32.154989215657,0,sample_436
55.32794499086636,8.38446292043547,11.962357233166479,-14.075708410970954,2.177909108833954,25.65111544648445,1,sample_437
-27.443791810813263,30.487637455865766,9.055523448633283,5.45099311531328,-24.907566659390557,17.0512826825052,0,sample_438
47.82279510477593,10.985097009863242,15.427209202337838,-14.65597882648518,-16.71831063376421,19.80167642241536,1,sample_439
-15.177007272755096,35.14274466943027,-6.499410088087355,0.3637762903528806,22.783611616629205,20.42579533787175,0,sample_440
26.453776400858633,17.644753218561625,8.983053492425924,-7.067863332281875,2.9630261459336387,20.77261122655018,1,sample_441
-26.21586682761792,40.18598911390938,-3.0482859894396994,-4.397778569518451,9.814966468966622,18.335600202742345,0,sample_442
-27.71582749531923,30.26854564271572,10.360185549269657,4.2073689014649105,-14.193315967571978,21.737824904662546,0,sample_443
24.780609948902708,24.576252180141303,12.699175677208807,-9.89828729372632,10.196831269449534,15.48408525868137,1,sample_444
-23.40045758946061,33.75772095687066,-2.535456211622444,-1.1437069623279206,1.8979823786508268,24.0841219858728,0,sample_445
32.91314296134159,12.225240423214,12.277730099838303,-10.268173253014904,-24.498605820887924,19.1996011579358,1,sample_446
-27.194288288139543,32.64314255584406,-3.5002961938873156,-8.807271812625086,-20.021191386302302,16.241843084611073,0,sample_447
54.54609638573103,0.7647982736887766,8.423374954261089,26.93681938451299,-6.122158976948413,13.018141510064257,1,sample_448
-27.593621368189655,32.082758380119316,0.9880826508848782,0.558360101014316,-9.358182352037465,22.84721016358176,0,sample_449
24.077670128947073,20.347401965485556,10.579055236915568,-10.361904796667224,0.049810369769707805,21.266506831546433,1,sample_450
-23.806771715396643,38.762056626080145,-7.408294485681371,-1.440996626741698,12.73438914589222,23.320445837647423,0,sample_451
64.35517059547828,6.02643719747598,16.456113381795195,-19.877489567002613,-13.735924109734102,24.67561516017024,1,sample_452
-15.509734722325206,31.18907898178953,-6.649449195867585,0.3419175294401157,7.837442504715941,22.966138613254692,0,sample_453
49.12242553639766,2.785134441336763,7.28495636774108,30.97749020808876,1.6106083744046968,15.837516545359165,1,sample_454
-13.116715694065535,25.63734815982047,3.8867497422947737,7.045077737151501,-2.7434173185980733,26.378539973860626,0,sample_455
40.832665884386195,9.298084481555657,12.29172635958023,-3.6902527934681366,-13.93347204695887,22.061413148299593,1,sample_456
-23.170878300221414,31.001627827550756,2.358132785696502,-1.682928692889856,-4.965237074759195,20.46612865481833,0,sample_457
50.385543207116356,1.4930469770603632,10.324728510579167,29.016462452384246,-3.8352339196399017,16.085930440647115,1,sample_458
-24.607075496374126,32.23753152204163,7.298206614946366,0.859720533661252,-11.418897983805449,19.695658645390044,0,sample_459
33.639234055590286,18.196872176173724,12.688430545761111,-7.509022717823162,2.527471893919521,21.115767090735986,1,sample_460
-26.218699031136634,34.15839431884505,0.2988058473666611,3.891084883180551,9.90093577801212,26.56730961852536,0,sample_461
30.472941608353683,14.518117559875863,15.053396757744554,-5.948706208172542,-9.954067043243127,24.963331607922118,1,sample_462
-20.130950494711865,30.359510368672584,4.63823540048882,8.60622816452569,7.365108532910675,24.456072617572286,0,sample_463
54.83561952991042,5.393912604185133,25.403972777974264,-14.305573107610934,-23.03244944923391,22.459357524738834,1,sample_464
-27.761786727751918,26.80228329929216,11.568147691887864,0.9610927162316335,-28.51686516963616,26.523527537859042,0,sample_465
-26.831233444514766,28.487875794486737,-0.24895446604879146,0.6526698491108165,-36.398708910732395,15.448313434680255,0,sample_466
29.716826047527643,13.576006558591727,13.838052222354953,-10.841339795836866,-18.025368032270446,15.47256668473529,1,sample_467
-18.72367714909974,25.34057233798684,8.234004977953187,5.682455418657975,-32.76262249957668,15.416754815476825,0,sample_468
-31.39903704304154,36.075490904520834,-1.2808271873302524,0.586484490907069,5.909327685668078,26.605102669718086,0,sample_469
29.709312463834213,17.664455564056947,13.987725013131474,-5.148211021848962,-2.1081186567840016,18.700636285978295,1,sample_470
-20.139442429804134,27.354242503499233,-3.413369964017852,-4.9051501691949655,-20.067090747359725,13.744673468889513,0,sample_471
-24.0136068309446,27.487520636010192,8.212407073078822,5.311754002580492,-8.36077643180645,26.95743484849619,0,sample_472
54.89359715562563,1.0122751320874177,6.601168263897826,35.57578742673802,4.032641319711481,19.64834895835541,1,sample_473
-32.60184671944051,31.102579072614606,9.513576129423104,3.7195139286087175,-20.268845618168946,21.61100944236198,0,sample_474
-19.324957459614463,-7.892289106240856,-35.62886854830208,8.608140470284972,10.8567530396169,-13.527674063361438,0,sample_475
8.458487340997346,-17.701488438428225,-24.601738630951367,2.2248231106601084,-1.910606745873739,-20.90529479485586,1,sample_476
1.4700656594271386,-23.271030403484783,-14.99663010486944,4.868999361794666,-13.16580852343713,-18.67202417860273,1,sample_477
43.80757974020182,-28.0431692058324,-17.972587534418636,-10.101960420539035,0.9185669282840224,-9.12683467927752,1,sample_478
-39.03802624568811,-15.87337830539287,-20.499893751446443,6.624175592159386,-25.34785774613428,-23.716365221369674,0,sample_479
14.110413879505225,-27.748856220993947,-10.564898874550167,0.46649111174487723,-29.18221939436811,-19.505185392040033,1,sample_480
-23.256683482755857,-14.149673885274318,-28.027816038655576,2.045015747774185,-8.954778866415277,-27.281806798629965,0,sample_481
14.188865044052044,-20.65086736945757,-26.777417936623728,-7.412864866424298,-10.345548939628026,-7.292102235110081,1,sample_482
-23.644473378442026,-17.563899141686324,-24.798636374788856,4.429559691901349,-13.708621406101848,-28.75187704989023,0,sample_483
-19.732694683002855,-9.437577536093814,-32.44818985586222,10.754973834300625,7.1052051277465065,-2.339184524702686,0,sample_484
-25.13432265895097,-13.21226404329443,-25.798928325195423,4.876293509548893,-14.766480175448923,-9.686138146524607,0,sample_485
41.36628753337138,-27.923372099858472,-17.956763538687422,-7.247549322643723,-6.370277342783361,-9.993710459947046,1,sample_486
-15.585793333027212,-7.810330155580669,-43.149639117283094,6.188879750810429,13.88970942478622,-5.852723413870109,0,sample_487
-11.886964560043259,-16.45762855358154,-31.59296750874114,6.8554300403359205,5.178673950032321,-3.2571372974214765,1,sample_488
5.245829773384025,-18.91487186684696,-28.32768769096402,9.373706231787349,17.635484026887084,-11.929518346096428,1,sample_489
-15.913367829489463,-10.547627969388563,-39.44645800322134,2.9313352721006014,1.918324671895675,-10.353181990284208,0,sample_490
37.14601387551736,-31.437520506974554,-15.527475124108115,-11.356693644057518,-4.5496162296449825,-7.63179347412275,1,sample_491
6.417684195342834,-3.9159575021197863,-64.61828122875829,11.306444128670568,60.224388695584956,-13.359564007021612,0,sample_492
39.45231372922298,-32.30244703495811,-18.1974741003303,-12.564791291847206,-8.120127986845596,-13.149539384410913,1,sample_493
-24.49847293807695,-16.856367837989936,-30.45122891520039,9.679002074936214,15.863392397439013,-12.574595757855304,0,sample_494
43.05859606678893,-24.968231077297247,-27.628665545375696,-1.8185627231695285,22.569342751477905,-15.346572996201777,1,sample_495
-18.753573809428357,-11.777061324811148,-44.931987038639825,4.700780869677905,14.437247737700778,-20.935992199934972,0,sample_496
5.909354654848866,-25.961793684850768,-25.992674111806114,0.06597397367635059,-1.0262001914890777,-23.313950945566635,1,sample_497
-30.53789155962025,-13.694194965694932,-37.40830971347234,-2.4562271061313465,-8.25940282749617,-12.850974421312126,0,sample_498
-29.462670836441383,-19.125864957897786,-26.362201800734795,4.5311636213796955,-20.58451660596658,-19.63104320241788,0,sample_499
-42.82138152242111,-10.506190113520535,-38.16982742886449,-3.908633608351246,-32.046392700641974,-15.57212343608045,0,sample_500
-5.456329650497177,-28.378987794544706,-19.837218578089466,-1.9977453190172274,-23.478442179364382,-19.798068550714532,1,sample_501
-29.83762203045099,-15.240190540781757,-34.35618985778419,1.9270743990915475,5.5713781514333585,-13.631729896571706,0,sample_502
-27.083898071467477,-20.492494588793978,-26.966113680685766,0.856177484465118,-14.432038723125652,-20.776985315595244,0,sample_503
10.871380880285043,-30.513029371490795,-18.068902211006954,-5.896013346572189,-15.15708969646201,-17.91022275489053,1,sample_504
-13.528739625947034,-13.35967603182003,-38.92057699356854,5.299034662814835,8.066339584719994,-18.821728112348637,0,sample_505
-16.104271244719637,-15.049422726630418,-37.41064826206097,7.065599819009575,13.923027297193583,-32.17045184976249,0,sample_506
19.46684116090736,-25.94047986237836,-24.80279655113856,-1.8184159985047785,9.451210512154901,-28.545119844379048,1,sample_507
-32.26334877647376,-15.637237660603205,-33.31810132733017,0.5237502887321625,-5.451797310689329,-13.863444508822834,0,sample_508
-35.193528630436845,-20.809769006321435,-22.762054580958125,4.712438530888335,-11.277737917367078,-15.54233947557655,0,sample_509
3.8889562366432613,-28.518165536639145,-17.747119375454727,-4.191154013454678,-14.143864567802254,-14.857269712083358,1,sample_510
-28.87487871071862,-14.618186212221365,-35.286751239834715,1.9130688486761669,0.0036276806298415902,-15.204003308812752,0,sample_511
19.462525100081283,-31.511180607978375,-18.07025050236073,-4.987993477234389,-12.218015202822532,-19.209407418677635,1,sample_512
-14.625406350851812,-11.942445735990328,-34.91732027298333,8.726213339416429,9.50502783943901,-14.987545284102586,0,sample_513
35.665765435699235,-28.716205266808146,-17.726252054392635,-4.474471940176565,-3.258965978273038,-11.748800103857402,1,sample_514
-18.93385961008892,-15.281843932649886,-30.038219725800264,9.292234905735423,10.676604064385572,-13.925777311802625,0,sample_515
36.43219788412706,-34.84631334645156,-8.995684469080059,-6.907894900764765,-20.28498970623891,-9.180461789196944,1,sample_516
-31.356276471333345,-17.56376003652293,-24.864727880085372,5.342049746141472,-20.382592990479733,-18.448754984913727,0,sample_517
18.961418077591862,-22.151139104339332,-27.452024491788453,-0.05200524418435021,3.2169533980068343,-13.981858316204779,1,sample_518
-21.430362230518625,-15.698958816032254,-27.460745512407303,11.963644799094864,5.865756897365196,-7.082113631763955,0,sample_519
27.529863411661267,-28.74795804465067,-16.83691802264663,-0.0879002586467661,-4.159424317062483,-6.028601203926641,1,sample_520
-22.413599739638272,-13.033152211532679,-41.288596862938995,1.0434762563102664,18.67684796522552,-14.47138517077982,0,sample_521
-28.30136455954693,-16.227283037937937,-26.167711581152535,13.987357181629017,0.4512405207066915,-7.806234245879694,0,sample_522
10.474657116906386,-22.984460776515593,-21.652075355370954,11.409940189308672,16.4556804032537,-10.935477291830233,1,sample_523
-21.92518890937901,-13.70562258451234,-33.718987346982004,5.919413909497768,9.283828481376617,-5.55091752666202,0,sample_524
17.97974716157287,-24.80561797361174,-23.521490840814185,-4.5434230288588955,-1.2967701028949976,-3.1208784729947334,1,sample_525
-29.664353105467587,-17.003057227680255,-31.71399320914592,5.017370310076072,-14.57533255056511,-11.206250946452426,0,sample_526
25.258119557309875,-32.14531188407757,-14.686419079877282,-6.480296674841568,-18.06414879973187,-11.206805153907787,1,sample_527
-6.4070206397736165,-12.345244239434402,-41.73569600701534,10.99063112596285,31.956572587436003,-11.618840371852265,0,sample_528
54.23741551923136,-28.91798687738441,-21.8769118517817,-7.73832848658378,15.85633604563426,-5.039302943850218,1,sample_529
-25.060486311021446,-13.24297303692671,-37.27709372182867,8.516825329692239,20.897860690739563,-11.54844773059479,0,sample_530
34.44309883370579,-29.755667251609697,-19.03033431742962,-8.645575619615187,4.919369257837644,-8.500885124154633,1,sample_531
-26.410722678027092,-15.572809746991407,-32.14779561536312,1.0344868175077038,-22.14232362606321,-15.006377669081168,0,sample_532
-16.587095524327847,-13.792899117662717,-34.35880009950675,11.680040380937333,16.31156208809156,-11.25657725053919,0,sample_533
10.206360072626476,-27.097116820127066,-16.387844893185978,0.24254392726296078,-13.272038199222452,-4.323667351154343,1,sample_534
-26.152008974770105,-17.204945865106588,-30.212245772547547,4.656313831620229,3.5554993864383304,-12.774089661880208,0,sample_535
-3.603184841241946,-18.448281757226358,-31.27532599074798,0.922954907464557,8.17494237555594,-10.599408002449449,1,sample_536
-40.83454259871065,-24.767675391878708,-19.43255013970096,1.7857074048960428,-32.17992708947454,-11.452466102759502,0,sample_537
7.7336201817452555,-30.134203315284896,-15.091966141138053,-2.68431903006961,-26.957704002300506,-15.602954013513795,1,sample_538
-30.24183074999945,-16.151311150695612,-24.450408146973146,10.580524643516085,0.1337142643455108,-7.707620148943777,0,sample_539
14.377152661858004,-25.179861534355474,-16.28649211677677,0.08422923455300055,-10.460148280928928,-12.353977708953181,1,sample_540
-26.363435764974675,-15.174751335657138,-23.955127729323586,7.986891072832468,-21.418513181922606,-11.214322052033832,0,sample_541
10.941502571171249,-25.459836879593396,-18.3442155432491,-1.936455943627118,-7.784566656651307,-9.644027530820695,1,sample_542
-27.549714950760986,-17.30693525302243,-21.815598085367498,7.880365769650815,-23.813910831391983,-12.224062183521463,0,sample_543
5.022163989302611,-26.344105889669258,-13.439928989881578,-2.807830589545103,-27.072900906189414,-11.908097826264044,1,sample_544
-33.11100959570215,-17.577461044717793,-17.28049699053091,7.152130083172361,-26.805998038081285,-12.25575171249089,0,sample_545
7.182428253450396,-27.521816128277198,-12.793161154734916,2.0001233728917884,-10.654443733421608,-7.834079292042818,1,sample_546
0.6848735915873485,-25.537987670838746,-43.15325087906177,53.39451237374588,-26.47859367969897,-6.424414350943671,0,sample_547
-3.7709648464850027,-18.749288782724076,-44.460643748966035,56.502972951567216,-29.302989732017863,-13.802041382288598,0,sample_548
3.1995652266627204,-21.936551910998567,-44.292187856674616,47.70321109716069,-39.39887987622888,-11.804720388046348,0,sample_549
11.567954265411569,-24.20633964319095,-44.152275003491155,43.75215123552341,-37.61623307407029,-9.845520481328736,1,sample_550
30.48870638329449,-28.073270799088426,-43.52559328771693,42.08091378504428,-26.177596682481713,-9.256956371075347,1,sample_551
-5.253963704016594,-20.439536553810044,-44.09498065325234,51.91624234101955,-33.99720880113055,-8.164709391527749,0,sample_552
-8.708930996325995,-20.798646399704488,-44.276248208965306,48.1010633514647,-39.09966130186688,-8.78614769955695,0,sample_553
42.1565816297637,-32.00410499991104,-36.409290942430964,33.33550012858084,-34.07881379519278,-7.094039153102166,1,sample_554
1.1705608054371346,-19.541641076825652,-50.060430512340766,43.411674652988864,-16.077911251668116,-6.699068153808218,0,sample_555
24.645093591680354,-22.895839129749863,-48.72413286246435,40.619246535661766,-8.105487963128141,-6.552380959586699,1,sample_556
-2.132356109265166,-16.536745643545597,-43.88614990344779,40.00910358226043,-27.074112010336542,-6.4775864013183035,0,sample_557
26.55423350242389,-21.837596096651968,-46.85020787544652,34.860431085002766,-2.5857693602391776,-3.0934842912133007,1,sample_558
-2.0635102078354506,-17.853158746130195,-51.41769323094521,37.079075767019134,-5.936020902776532,-3.090247796497302,0,sample_559
21.292184082262697,-17.386611313927517,-58.41381086722855,34.68635957343222,11.682922310693494,-4.276133752424144,1,sample_560
-1.7707903677212262,-13.35234580819739,-50.15280148619352,39.715080400056436,-24.687068926003803,0.15007532776854346,0,sample_561
2.008710336019696,-12.752027489375466,-55.00569644318104,35.37793806280885,-9.461830616235058,-6.34274325766187,0,sample_562
32.77842942649422,-28.004721583593824,-42.392112459222574,28.29459976979115,-12.850164898702712,-1.2275724653483164,1,sample_563
22.03186058590902,-29.473992692480476,-28.805520250604513,34.94856811877414,-35.787570227501725,-0.15514372635741971,1,sample_564
-4.456435235912523,-18.026817809577075,-45.648956887216485,35.19870473259164,-17.31997135065302,-0.0766282498980609,0,sample_565
37.17703550733726,-26.810449867234436,-41.6134975705887,21.46891336830482,-21.327369217979538,0.6156770610509379,1,sample_566
-5.691416904647674,-17.059188025558285,-42.639081259237294,31.145939564663284,-21.82998759660858,-3.759791901079516,0,sample_567
29.03763477263212,-24.363555008803942,-39.86417813772229,20.782148570241066,-18.265745299618615,-3.0200470363561918,1,sample_568
-1.6687227160610727,-17.08310001644054,-45.970988731675995,36.75986762548639,-1.1435543754523159,0.6411022830759523,0,sample_569
40.41686429719819,-26.169037987772427,-42.74477251615429,23.92904873645394,7.763271215024687,4.104502562499187,1,sample_570
-10.215627575412213,-17.041073248345622,-42.982281105857425,30.00397022575004,-21.132651119615826,0.08164050603205676,0,sample_571
26.40353372947326,-25.171398646462762,-38.730555166485196,20.164129564015735,-19.634356297046654,-3.0552007584648297,1,sample_572
-0.4518565681045755,-12.715995292236519,-54.87398881225136,30.711764913163766,9.0846355011577,-0.6654290012026843,0,sample_573
28.016258225278364,-25.53702790047218,-39.378398594242825,23.619620932062347,-5.325163888412327,1.7904480731686907,1,sample_574
-2.8003143726132205,-17.603320858273506,-45.59093229802544,33.66144103253236,5.725659962360583,2.975367002268986,0,sample_575
10.898923554843893,-22.38997549458148,-40.14950413675147,27.943072297243113,-4.791127968527869,1.2325265742762586,1,sample_576
-12.686577996375922,-15.79671259960722,-41.58156449587794,27.23903479987286,-15.08866781242535,6.940164553623821,0,sample_577
22.892025645896815,-22.156279644800144,-40.49931820924997,24.608167408424023,-0.7803313435347864,4.43458995069008,1,sample_578
-11.673558849806506,-13.782776068335725,-44.670911599479425,24.76749333041013,-21.654250924545963,0.8994002551191477,0,sample_579
8.038623647819323,-17.74704439911397,-44.476809390731006,21.04671730306504,-7.693924680928339,2.506751035832209,1,sample_580
-3.950637236940763,-16.09571332315666,-44.82200890827115,27.15235711699331,0.2367227527937106,2.317785027458618,0,sample_581
8.706889897580929,-19.82151345802444,-42.612474171894874,21.783870621650724,-10.135792768352037,-0.9440198862074561,1,sample_582
-5.424368020698885,-11.842122535015285,-51.69043840399577,26.045031643653758,12.551696757101743,7.549992197398272,0,sample_583
21.331172071460458,-23.363719607881286,-39.156709560080145,20.765474787037363,-1.8287588029079451,6.670426292647271,1,sample_584
-20.830098587759814,-17.276530010666033,-40.233356000217164,17.089064272079863,-38.40744577436549,-5.217231219548496,0,sample_585
28.33128821784813,-30.99542154712965,-33.022625939545755,1.9109753477782838,-38.23613234996412,-5.162493036571134,1,sample_586
-7.658742261444082,-8.940002352623402,-56.42698043360473,17.7888866213734,12.349504396051737,-3.156026230514938,0,sample_587
27.22252115999585,-24.30929754389136,-40.72905697270629,11.628655027446596,0.23696500715113436,-0.49260288727238205,1,sample_588
-11.99635694862763,-13.096728959998917,-51.96035600992921,16.47124495602408,7.19445911091024,6.253620963871789,0,sample_589
21.513328047670804,-19.53084308118579,-47.435446279178635,11.162520270341965,12.252114256532135,6.520295454187657,1,sample_590
-9.489559231320262,-11.681290331561364,-52.871202521479084,15.391461803390483,3.3362218133673425,7.991690576105805,0,sample_591
13.477440017382667,-17.116940040682266,-48.59544908526167,14.588078603891233,6.038026470358347,4.758807914533441,1,sample_592
-7.561603664074367,-10.65774533429135,-50.32855926740217,23.944048399836078,25.90364620309725,7.791519072941781,0,sample_593
28.14469086462419,-24.454835413506053,-38.45837654983425,10.921811874242273,3.5125972384331376,9.688691820835857,1,sample_594
-10.123283391680465,-12.23638185033504,-46.56469917793662,20.253155103820884,4.056453372591446,11.073335840008092,0,sample_595
29.39954211435674,-22.37524651647684,-40.23449379409708,12.423894254947593,6.262493109520212,10.441338886427788,1,sample_596
0.14944661908131868,-13.225511811502354,-46.890716247933135,25.007363676415768,23.184105153075812,11.289318895971416,0,sample_597
-9.024449310071505,-13.439029481919148,-49.63461823419334,10.223413426559128,-0.8229085252538147,6.719730921909753,0,sample_598
19.392850819025313,-19.387487501787675,-50.805182179474805,5.13385183991915,15.397835508641469,9.054789492724025,1,sample_599
-14.637394497250671,-8.755719857396928,-58.04296536367711,10.591317962938051,23.858386502345603,11.252759849829635,0,sample_600
52.23132792617076,-30.383192823469045,-36.78249523111033,-7.096901515658704,5.105525375407317,11.85310807431984,1,sample_601
-12.985104955552446,-9.259416339360124,-54.447943613563915,15.280987519394593,29.392238612937216,9.90928926383235,0,sample_602
-14.342312673860409,-7.7293250741935555,-55.62749675931671,8.669453574862713,14.91953833395645,6.338842605110672,0,sample_603
11.18575684811657,-21.607547513149903,-46.492381332035386,-0.4764026843121881,4.494944954412264,7.2708558661785,1,sample_604
-28.194008386041286,-16.217552116060354,-45.9678908029959,10.116870334276063,-4.805320950587028,10.19522738174893,0,sample_605
17.485359153002022,-23.467433086996877,-42.58037868479526,2.5306317020728986,6.4731824244280425,6.986957430914654,1,sample_606
-11.695718888271431,-12.583136992357975,-53.602893995552485,12.31856547569775,30.60378726195129,12.632461606544446,0,sample_607
30.57589159719643,-26.066552772409413,-41.517200182230994,-3.634758063187339,20.61275533229582,13.126855225913763,1,sample_608
-26.665051888039926,-15.08495267239066,-46.61659201722851,9.598842267557728,6.625120719808145,12.5940745837893,0,sample_609
30.339164464014704,-28.1051892925082,-38.53026810872216,-5.468443662674134,11.018092257690995,12.818857070846907,1,sample_610
-21.676919585701647,-15.08572121312486,-42.976413632045265,15.2703278525128,12.347874794397551,16.350312888134933,0,sample_611
14.603455854132891,-28.67328488972612,-29.092842499681808,6.82150039885137,-8.096938852348352,14.66308296704237,1,sample_612
-17.610135979527954,-10.662989976362873,-52.750546363470235,4.168511980487221,19.998404257196277,11.820207665651974,0,sample_613
41.17183575951111,-29.968047117805945,-32.59291380524038,-9.574006302779306,-0.5598754000694575,11.641524457039102,1,sample_614
-12.652875466681563,-7.623736236175258,-61.75646661383324,6.351503009028674,45.97976554667161,19.011606164292164,0,sample_615
-27.999101444041234,-18.41742867489064,-36.61821431531007,8.92124711843081,-16.59607723693387,11.406743738961206,0,sample_616
24.018847709731308,-28.460466054507094,-26.65574700399515,-3.3536018119707975,-14.37978577224288,11.049389445283737,1,sample_617
-28.269868455404044,-10.711496024112002,-51.1083649472325,2.5033389939914046,17.71572395604198,15.942152029533226,0,sample_618
28.862397186145138,-25.603111709227843,-38.91590686515491,-8.157925053154617,8.972806633469059,15.21950567072095,1,sample_619
-18.16995094308273,-15.247242552809004,-43.35989984104701,9.129732118150303,18.788841103076404,16.099291920495915,0,sample_620
15.781332127221694,-20.930980719108586,-40.39340155478241,-2.4371941647139925,11.097595228760035,10.247727767754073,1,sample_621
-15.60486103330938,-25.047927960636628,-36.80654721940216,-3.7650422941201707,-18.538161259910886,14.92773743764557,0,sample_622
-10.216522295554693,-31.20038541404614,-31.499660128233703,-6.460888140282115,-16.521488201392202,19.100368574110995,1,sample_623
-19.627417893299732,-22.06970365991242,-40.45760751076332,-9.389622022800964,-8.873671038294082,13.582804641219086,0,sample_624
-9.394530983566437,-28.10322974109178,-32.164684191144815,-6.567868440867358,-7.467700513886944,16.945810127955568,1,sample_625
-30.575278253152515,-22.34161996604294,-34.71174093069004,-5.177546176864645,-37.0731266972621,19.89558176375425,0,sample_626
12.376413008472,-32.560122176159794,-25.35474736735224,-12.669609921338273,-30.174335778481932,20.980916338919606,1,sample_627
-23.617783546494927,-25.449731120162305,-34.67296224484041,-8.52083555348557,-7.347090827441249,17.935429332938575,0,sample_628
-8.247952597104705,-26.165601266459998,-31.40319395128946,-6.442597381579808,-4.729437439558907,18.265964754034062,1,sample_629
-31.385318886456442,-27.357868458699002,-33.772780995426366,-14.004981514995942,-20.886905806173882,15.334336113139843,0,sample_630
19.255120865699052,-42.32126023611979,-18.147962728834745,-22.38842214270619,-30.082044305342556,21.494545147642366,1,sample_631
-15.93877689320628,-20.711055589928463,-33.37993672219911,-0.9288838777491791,7.000332210596941,17.136036305564176,0,sample_632
3.9446319355143618,-39.38276641122836,-11.915781949450587,-9.109233260592752,-29.707951908529317,21.923616103394522,1,sample_633
-18.574327951079653,-27.371077426811357,-32.23049025523222,-10.844402787077989,-15.929956750569556,13.502580939727883,0,sample_634
46.38703978743341,-42.196693984445595,-17.868968667850133,-32.034077139622056,-19.9040502949488,14.688469384460229,1,sample_635
-23.804273310610842,-24.06033240621208,-29.18125061638734,-4.487808971780083,2.0867213988834106,23.87096195576576,0,sample_636
-4.986288071387031,-24.5988999049674,-31.34279369557018,-4.025023109319553,16.578859172605156,21.709504854351735,1,sample_637
-21.26442468796638,-27.240019642227125,-19.647685447707673,-1.681747400589968,-18.78342685887381,17.968562058478526,0,sample_638
24.4291370039521,-38.47334560780776,-14.0447151306042,-19.437721887540366,-26.280346797345764,20.000284756882557,1,sample_639
-25.005689843245623,-21.878836512364163,-30.070715707427983,-6.020558099843542,-6.577992743295711,17.048335560721913,0,sample_640
-14.43781693314927,-28.96400581417776,-22.59557506136305,-7.665108271248113,-8.512815863497346,19.44892993522024,1,sample_641
-16.126255217242726,-18.82262455567637,-31.381670338169105,-6.914029810369485,15.791637919801957,16.895116306341365,0,sample_642
45.03685591294375,-40.90149912604374,-11.619946839574833,-28.168715451990778,-11.984009578351454,19.382551779577355,1,sample_643
-19.35131325840804,-23.306595699897485,-24.2790976636116,-4.583714887438581,-0.16089499415266106,20.697685605521677,0,sample_644
20.139229055145545,-30.915917252875428,-20.55023144640534,-10.951328688802302,-2.034904851636226,18.88344520049078,1,sample_645
-37.82296837384928,-28.300714749837372,-18.99148604579432,-9.701796447869377,-29.786192382292537,21.686036179646347,0,sample_646
-21.35215972897007,-22.64705762844514,-25.17789408399373,-3.7716308598106236,5.5515720761451375,23.51011740409427,0,sample_647
35.94850475425337,-41.773255901157135,-7.357266935691026,-16.802821984099303,-20.522573390262906,24.963380128566243,1,sample_648
-21.596116059555552,-26.43585585332114,-19.472890115928625,0.06367032771660974,-9.271664055820573,24.105304778743513,0,sample_649
46.9129810188117,-40.1397801042413,-9.833216932781399,-20.27544872559404,-10.389108547014832,22.539747328171337,1,sample_650
-21.213153303653463,-23.172920377054357,-21.071377200103367,-3.3241650444160675,-1.568667878181891,24.968763913856233,0,sample_651
-1.3543783453799891,-26.748174054087933,-24.891837908234653,-12.901262266573324,1.2955396541666364,21.452052681323003,1,sample_652
-34.85112421989929,-27.098299895194668,-19.386490060103732,-8.7249918780265,-3.745450336757283,23.591972943602446,0,sample_653
36.58317764472683,-30.482795232897015,-24.648802919444808,-24.579312840077378,11.128542420758079,19.684158629892718,1,sample_654
-15.048084006674122,-19.31024385206845,-33.646769575241834,-8.617669861527496,13.760071698669927,20.108720895061392,0,sample_655
27.889032544728835,-35.95756032158681,-13.929071913739266,-16.152809965689805,-5.787676238160206,23.875348490929646,1,sample_656
-36.03976173720172,-27.725563477794093,-14.806465894996307,-9.324216871452279,-13.743546379254592,22.106906907687538,0,sample_657
25.421247388692837,-31.24183964177277,-19.145741502129336,-22.86180128946926,-2.7225770854713174,18.544386683528057,1,sample_658
-17.9456926827607,-20.46379604069692,-33.07545904043492,-14.343870009831834,3.821868229392823,16.467097020515556,0,sample_659
-2.867744945713882,-20.98686152123387,-39.07194761587737,-15.266709163235884,18.85954519652085,12.668887800934767,1,sample_660
-24.099397520921855,-22.462583997565922,-25.32134160193034,-8.54358331527203,-5.334197582608569,16.67175325136713,0,sample_661
11.172570584964964,-28.403162922384425,-22.30865225442727,-17.37027211260037,5.315544304487675,17.794435148565846,1,sample_662
-19.18265296890532,-17.49096851055925,-27.397950708372488,-9.725699776047316,16.878755592013068,25.427215750972906,0,sample_663
-7.437831114163203,-23.67345017237205,-21.625646218140307,-9.86668720667914,11.213451790550844,26.288666128546794,1,sample_664
-38.67457183241849,-15.11362089166375,-26.951553440041796,-19.871622669981022,12.445498344202443,17.96078931299861,0,sample_665
-40.86655739846207,-25.770104232781556,-24.425132215655676,-29.90425741977034,-49.34996811984496,11.645200703983265,0,sample_666
23.53013083625826,-42.0865590422604,-15.021506160150885,-37.711471964348526,-47.570156488224896,13.703547201511167,1,sample_667
-25.87079986820891,-22.330766949037887,-24.18383440338772,-17.305717199376076,-16.627901274438088,17.142659937719372,0,sample_668
-18.2128705295212,-31.07654374984348,-17.229527686059416,-17.83662835675378,-31.810618975260706,22.32442707678357,1,sample_669
-27.984074149192608,-17.910708549879892,-22.42646823112714,-12.023940812296125,12.16209164636175,23.052923100406936,0,sample_670
-9.157227786171068,-20.826502934306827,-22.871113929496598,-11.918960981196747,29.86204077500367,18.27769917102507,1,sample_671
-25.791518458387,-20.552914212934972,-22.98885827813447,-16.250399265472172,5.915131369996335,23.929329671542746,0,sample_672
31.023058681154797,-32.059680285441544,-15.722518898591293,-24.46001180794593,14.407366132902098,18.869120489080263,1,sample_673
-27.415755009161526,-22.657379182098474,-17.235405204159857,-9.648684845752065,-13.83213378944467,21.119364504712845,0,sample_674
16.876956003378467,-33.68457027963455,-7.5342994114532225,-16.062508210099978,-8.552523025317772,21.633681620784724,1,sample_675
-28.063258890926864,-18.05937487248697,-19.39239681575162,-15.000107695867342,8.892018384626105,21.253763359398114,0,sample_676
23.48828568722231,-34.67076550659921,-7.87984224048488,-25.344282432750045,-0.9635836580494127,22.619933945618875,1,sample_677
-36.28535769983807,-21.13712611596107,-18.101007028182263,-16.584902708564183,-19.83059300343423,20.52241995876374,0,sample_678
-20.149141370098665,-28.079859103466433,-11.212521001678569,-18.866362817362997,-13.639674797245979,19.140386603442398,1,sample_679
-29.750704963603862,-23.389958390272103,-12.859757881507205,-14.039607533717971,-16.66815841119658,23.54811566861494,0,sample_680
19.516513800789443,-31.550700304787725,-6.134190710214264,-25.862420394939825,-4.283055131608383,23.563606260120675,1,sample_681
-17.49349796398856,-12.84068309350369,-23.024997815191075,-12.871281412120455,33.334796704510765,27.209367055173452,0,sample_682
-34.0787618047179,-20.071772504091395,-13.497420845933757,-13.610301695730872,-3.8734450608478843,22.06575911963517,0,sample_683
-27.365817108214618,-30.111357341292177,-0.3137660989044766,-16.85466769005707,-20.43688326689818,22.403772773401936,1,sample_684
-35.83106762335175,-22.576982287219888,-11.150374334261553,-18.097891445407548,-30.275387175742686,16.918955740528045,0,sample_685
9.727022000416191,-28.835193783002683,-9.576447069288548,-21.702234900418517,-1.7309168146599248,18.104665264484918,1,sample_686
-52.042434971196606,-26.946067400140947,-8.825096391514796,-27.473062042230033,-32.27606798920493,21.708755034924287,0,sample_687
11.295354361638259,-37.46065691529,-3.5439454070508676,-23.974818648681534,-20.383841374899337,18.907694806307752,1,sample_688
48.07264058181741,-36.77607100913693,0.1413212683807708,-43.14251152350093,-11.255678722736173,17.98088614510041,1,sample_689
-40.22371109134943,-25.322847186282743,-4.352902954993397,-11.449970986442924,-22.426444254280064,26.263403894829572,0,sample_690
-21.03049053981456,-29.26512579685205,-2.0333182114637274,-12.62477763390206,-4.099781764273258,23.808641884688125,1,sample_691
-14.746418171854604,-20.521345925360027,-11.048374897437931,-4.44523704026368,-2.7608577594222563,28.33424047051889,0,sample_692
44.51651883942467,-40.59675373407577,6.328981738910538,-23.372071672378954,-17.905561311272592,26.075811359359943,1,sample_693
-19.05518876478961,-19.205315988762894,-17.3895988058048,-5.848182163918101,12.244712136400189,22.686306976576205,0,sample_694
20.19882838632357,-36.05192262402669,0.07260913941685888,-20.053552407393575,-0.973581336719652,20.69051055458279,1,sample_695
-46.731895093855016,-24.291813625235633,-5.33807006319416,-19.284560570387185,-21.956861606107474,22.032138722432467,0,sample_696
3.735316732685738,-40.472068675106364,7.1028774879508605,-29.29622895254721,-39.626906421070835,22.0999011768425,1,sample_697
-44.4036177549021,-25.393689776649094,-8.349079333844923,-19.024268009538186,-31.80848715029394,23.381729839952246,0,sample_698
-29.82132253488885,-29.751731709515095,-7.051077921016462,-19.825714065324284,-30.112801624395676,21.569961145263182,1,sample_699
-46.77541018411367,-22.918927039787263,-2.290761036306904,-17.467426280602457,-20.314252653883038,18.33413712912503,0,sample_700
-27.05759075705214,-27.617996913664363,-3.83825310630271,-18.764200187165855,-23.543848492761523,18.45419158041404,1,sample_701
-36.303882800026216,-32.34631856834628,13.472504380820416,-5.978409866436563,17.777253178790566,13.033454445212646,0,sample_702
24.87678304041074,-40.258324722904746,14.372885986411593,23.2861425844213,14.637736448955305,12.433187362269305,1,sample_703
-38.5215134906498,-26.177491456778235,12.265744136543987,-1.261548281603284,34.20559597324799,12.420172038266287,0,sample_704
31.521993115179978,-44.54232176247225,24.384675100395487,-16.34307870865784,14.961176434160343,13.84603338146559,1,sample_705
-31.97099091870764,-25.91123674786105,8.279630895360373,-2.7349879782681144,37.408735084380396,13.992633965546748,0,sample_706
29.182884263644414,-40.48023150950963,17.175167850404286,23.49164777038099,21.242253156219178,12.209677753926035,1,sample_707
-41.88944407210021,-37.297512218047736,18.530730419691587,-4.467222398053584,-6.970337448895826,14.385250826849676,0,sample_708
-3.6637173337370235,-44.041900522299315,24.56210210395758,-13.092164802253302,10.879071131295145,9.072670464121016,1,sample_709
-48.53515616031345,-30.54828887579262,18.709920705961622,-6.669688946331333,-1.3007472370666056,9.091765639552445,0,sample_710
21.655734060658595,-43.50519769024173,22.944644655307975,-19.72915416563585,7.7948068590930255,11.26835187512826,1,sample_711
-34.33421458309078,-34.640232986661665,14.355411310470036,-5.3310705898410555,-1.9898732916279178,13.815673329545092,0,sample_712
56.954048417110954,-44.00113948481056,14.48452062207577,31.755164652904135,15.983854249048948,11.264793726704115,1,sample_713
-41.38345240808341,-29.517260055412834,19.58667166817902,-3.550253114052692,-8.080918886320756,8.19588201787374,0,sample_714
20.36783000400138,-44.36710488917032,26.71945208325384,-19.21527397511161,-8.766866515257359,13.167943208814831,1,sample_715
-49.75932400975794,-31.534566128445437,18.24824590942294,-8.643352266692512,10.481080111676764,12.341446318193237,0,sample_716
1.0486921441216261,-43.99069872447449,23.858797277413895,18.087753772947057,7.447853922255183,11.691229056103115,1,sample_717
-50.63912249818531,-32.67133834972953,24.876807252452092,-0.9808231292679608,21.93785967626737,16.332261742999233,0,sample_718
32.35413243380796,-40.143565392101166,20.77250584626929,30.490059233793907,31.017235178755865,11.51086951369204,1,sample_719
-52.39562334961745,-34.431701973925506,22.43238159537213,-5.499567130198197,11.101230920276278,10.398394967168421,0,sample_720
40.5987082023228,-45.32588663331561,21.749348088859698,30.72678941815675,14.06548509851179,10.90779889574725,1,sample_721
-42.82078379359161,-31.325816919704224,18.823258329580625,-9.798319367617879,-6.111323112727576,16.432053412665386,0,sample_722
31.20009657781141,-49.223703298779235,27.48920935430576,-23.512880767411744,-8.037222017613983,16.054297223011847,1,sample_723
-49.435122415390005,-34.54867845001028,25.807033462631175,-3.746398468243937,6.849628035641508,8.692659786189273,0,sample_724
12.503984765215254,-41.84433140024819,25.133560803291992,-15.686219465811934,10.111604418049241,11.455516646660152,1,sample_725
-50.75410887691187,-31.277126577688676,18.751154758622796,-10.71995717919119,18.75862046656411,12.549784055878305,0,sample_726
-10.234452416764146,-38.9906386637821,19.738273243514048,-15.01070397562317,6.415009834119286,9.221418656180708,1,sample_727
-44.67331224936201,-33.43481289605847,24.280219424656533,2.0284789654939397,8.040554830404488,13.1493248531825,0,sample_728
26.19929240318579,-51.730288777311614,37.326320087900726,-22.54021308318285,-4.995198700002154,9.369293772309918,1,sample_729
1.5493934034071004,-44.897528391185,30.555858353460223,-10.61856976426664,-3.4049224686521122,8.193288299944268,1,sample_730
-37.7355308566104,-32.408470098994734,30.93524918480038,6.965003402276415,17.078545969785,14.910042489493854,0,sample_731
1.121386472143445,-36.98967820892195,22.716453811100617,21.886750735028986,24.53788916138855,13.376394663722044,1,sample_732
-40.95261426554901,-30.58764669616457,13.174006684747606,-8.84672525512411,-2.0223502360818375,8.549394406296297,0,sample_733
36.244296685275565,-49.56686330383306,27.207527142354465,25.579485695303383,-11.982220552972889,11.273914458821606,1,sample_734
-38.70117859246809,-30.45843905705065,27.995821111937715,3.4638453847356057,13.752596840751089,9.260524998605916,0,sample_735
14.799927976059099,-38.42303516977071,28.01559166314967,30.048910211682045,13.016492345035113,6.260301237281032,1,sample_736
-42.799144600527036,-25.37001093482302,19.410897384752968,-9.281955593566783,-8.516468470894306,7.257874606735357,0,sample_737
24.52654377755778,-44.364928164225375,31.30312027234018,25.966251626692102,-20.540518090459734,10.84953172072509,1,sample_738
-46.65954539876563,-29.156320746735275,29.220820565272927,-2.078343650638244,-8.611450904084915,11.77846139740587,0,sample_739
25.06785170651171,-41.514715085849204,29.906515322211877,29.788000205822065,-5.012610454722803,11.250323339862614,1,sample_740
-45.629176792078745,-27.512187747393217,28.47123090945103,2.8989077480802723,1.5366571106586264,9.132661015654184,0,sample_741
27.368056469158894,-40.137613811347386,31.342918310427745,-12.366693515654472,5.213459549210762,12.04124582642616,1,sample_742
-44.855410854605495,-30.455085110058395,24.222545273706835,-3.158124005140026,12.06324330416827,13.693330302311686,0,sample_743
31.401748820529612,-41.21376275064581,22.297322322635292,29.302396527529606,15.417717617767279,13.42612307828559,1,sample_744
-57.092065578748446,-34.904085891258134,26.128310850227503,-11.747361799797755,-14.423508127693067,11.906306876563534,0,sample_745
27.943751718473624,-42.40666439223891,21.85436057394727,20.798322041258757,-5.972202928775664,7.551777657968757,1,sample_746
-46.021073154605126,-31.667775497134944,23.97906426810137,-8.017542972331878,10.331329243810174,7.174917007832451,0,sample_747
18.345193556257442,-47.09568638891653,28.544935315491283,-22.316513250979977,-9.71771229864469,8.403414014490105,1,sample_748
-44.27459424372538,-28.091406202634282,14.141602478605424,-8.166921374315777,14.476273674918366,4.669898047436256,0,sample_749
7.984076431992592,-38.35542779263393,17.481525825277533,16.824286247377888,14.873450144887231,4.804600164267372,1,sample_750
-50.07333660289183,-31.2543594173923,18.166410754930773,-10.055506538120065,2.688529708235201,4.814574018383857,0,sample_751
-49.82249019454337,-29.304801189622054,25.042116741746515,-0.8140861059930123,0.09978074692091156,3.259343667466846,0,sample_753
3.763933196989474,-38.36861507249351,27.83682430999071,-9.772261751159489,13.424428315167988,7.222260840710127,1,sample_754
-57.489288785861106,-29.16692035150038,22.625104376646096,-11.293919715868727,1.9575898935422704,5.9206227501032735,0,sample_755
28.71602713558763,-42.340577159297666,25.758345446156525,-24.75044932850198,18.4940196398337,7.268349410658569,1,sample_756
-52.90182830555104,-30.949484883036025,24.106774587260105,-10.533092485460529,7.518369481243043,1.8828207614448427,0,sample_757
21.467934510931283,-39.60107181889593,20.656878029506274,21.897663095089335,6.814659802037919,5.799534661000137,1,sample_758
-47.66297716803827,-32.31219548351034,30.496788375193987,6.5167394919767645,-1.5083188444427837,7.550472135218348,0,sample_759
41.63509870523217,-44.12887510832093,24.960706506664106,38.6868485808179,-3.760849769799859,10.556001160633754,1,sample_760
-41.69724863178746,-24.064004032682952,18.464424597947954,-1.3186219419377045,17.564240172808223,6.958262692102237,0,sample_761
-49.92001125220267,-30.099942400223203,21.02931404627961,-0.52498641306641,24.392150965829128,3.2286797918464396,0,sample_762
5.4122150324714395,-43.61242218304689,31.50547480769149,-16.645573243423797,3.781349667509923,4.692805685613117,1,sample_763
-53.57065398200137,-31.38394109276371,31.136434007895758,-8.22981623158533,-4.62615685416014,4.543047299412348,0,sample_764
41.93559304240652,-44.35827558271129,27.554462697685267,30.337552422875508,4.543074891380942,7.221563237871971,1,sample_765
-64.6723316793056,-34.8551100799636,31.68924264684871,-13.923741759859501,-4.762105612497395,8.946837302750131,0,sample_766
28.737749427869115,-42.251881494089226,25.873902049704682,28.544083426892175,3.8805345379421072,7.830178417361852,1,sample_767
-68.3369291929643,-32.59016087880209,31.964281147248244,-12.600868675260472,-23.42187799841123,3.2799186373660274,0,sample_768
24.9381383493334,-45.280410536833884,31.55955432095526,26.264129900481656,-6.978942535651979,4.04914246660239,1,sample_769
-51.752750316351765,-27.103279604833357,27.51845668350274,-4.419056832465203,1.8877097659820026,6.352851493307456,0,sample_770
23.345403687770325,-53.05192130898568,41.304045937404986,-27.249493843455408,-18.952212065371235,8.583212710774607,1,sample_771
-52.67680264886713,-37.769069489300605,29.482375061351462,-4.038496993170168,-15.960109558583621,12.468890966255632,0,sample_772
-67.44623635755705,-36.94892853124792,33.96062265850766,-12.102879235975044,-43.8625560609424,6.358111917428206,0,sample_773
24.15276783344406,-53.10238500604481,41.94475381461779,-31.378469622465374,-38.087722607917385,9.206701425317597,1,sample_774
-62.22629458195778,-28.333848095227022,24.770339704053846,-13.280984140050391,1.6649693099424447,0.9248587617982623,0,sample_775
33.88879804912661,-41.03665742684621,24.414354558389633,25.317128030739795,8.411234590845291,3.0016039027745767,1,sample_776
-53.49584324155864,-30.394302227030437,26.21132423452816,-1.335544474680447,-3.228034422994783,8.207802130590014,0,sample_777
-4.461342940744504,-38.42060225621919,30.161902793920095,-12.641959052343102,7.932854200937828,6.54590099883595,1,sample_778
-62.87785890083952,-30.000324572613277,31.422333813841266,-9.334438421255397,-3.4629867649288246,9.601962854539645,0,sample_779
-2.1229604772819473,-42.02739418943105,32.437334804387845,-5.834629331248006,5.3915199383912285,7.838606628003358,1,sample_780
-55.15933226784598,-36.48880934003688,32.98599282406571,-10.791967660146604,-18.533867131016645,9.047322865196628,0,sample_781
23.012342878222757,-42.330541151313106,28.536537441937753,20.565910929361635,2.4062626423756313,8.272586111496576,1,sample_782
-30.219454618291874,-16.221801808087548,9.940692399359786,3.90208016705719,49.62726503094154,-18.744174851767397,0,sample_783
43.80429323955436,-37.31973148480496,26.2321859394758,38.59225206924557,20.11337064895785,-10.751938962652714,1,sample_784
-49.64861720898653,-25.020195059340438,28.576560495337876,6.9792075042913835,24.78407141165663,-24.638862681598305,0,sample_785
-19.80297487338685,-33.007260257703834,35.47119484086297,2.9921329020421914,24.372549826681986,-25.36966730215382,1,sample_786
-54.67710368491182,-28.120873061020145,35.77139272553868,-5.013960107334453,8.884287961126029,-24.183270906340084,0,sample_787
18.216576090157172,-35.03911772572925,25.4702783668433,25.69917143266308,21.420654102887564,-15.774331100560362,1,sample_788
-29.69987671027514,-27.222668785862997,18.858642241891083,2.9514102657386507,35.166139275090046,-17.901348519325936,0,sample_789
14.362870207911346,-35.403182727081344,27.88065172428416,-7.397205265311075,33.83002019343684,-18.54708776556722,1,sample_790
-48.906832417265534,-23.41310491216854,24.586807881895293,-4.520703955121981,17.20202655663711,-23.83820258234379,0,sample_791
-61.91704857713338,-29.06469697733256,34.71037289598682,-4.671985806558495,5.800191536924679,-27.804419971450944,0,sample_792
17.715264255338074,-47.823724827393235,39.78909705559372,-19.90988492796059,4.423056304925981,-23.142170394329526,1,sample_793
-41.85474054626616,-23.72179481934936,17.26499639815519,-0.8628554011063497,32.21941610597065,-20.859097877886718,0,sample_794
-9.790567009536062,-42.40504919884735,34.71625663335972,-8.455343399790527,22.139964421004795,-21.732381856844327,1,sample_795
-62.571029315912554,-37.867339870951284,39.82525252979583,-4.806944133766392,2.981876680316608,-34.02404996073372,0,sample_796
10.641447406302348,-47.74407903352681,41.88763640284967,-17.59530463319429,2.2888653798036342,-20.69127842543578,1,sample_797
-56.14350902729891,-32.538916935236266,32.61113899982296,-8.395921848634172,10.062896235114717,-22.899157586044346,0,sample_798
-6.037965610829559,-44.58941031867289,41.29267061589522,-8.801427130400747,18.94911860726166,-26.417665056227367,1,sample_799
-54.42231866952049,-39.74073911969236,27.232835524679707,-17.39795442115974,-9.716129964921482,-33.07501115924808,0,sample_800
-16.193340748580678,-43.49158722974828,32.568274679630896,-23.076928941315973,4.651780916911722,-33.00631525416168,1,sample_801
-36.382930475911884,-26.594632700373843,16.467063802520887,-5.217502039615416,28.437881295861857,-23.254238671620072,0,sample_802
11.069401650419659,-46.35914724283192,37.91833599902186,-19.950183651496626,18.696637998643688,-20.04747390084911,1,sample_803
-51.797378524739145,-32.24753910759369,32.43433844889,-5.268691584007504,25.418691832212417,-22.59444502761264,0,sample_804
-57.401467901326775,-36.68607744041564,32.72012132300016,-10.885368992587786,5.814340924629212,-32.54622600370934,0,sample_805
18.137529740293314,-46.663562401035854,34.848128100682196,25.389685004948813,9.154156690795265,-21.126839084888513,1,sample_806
-77.38570335373498,-33.738320928199244,44.40057679776804,-8.434540842150243,4.309862684247869,-26.062499219900094,0,sample_807
-24.34411414250722,-50.730609355595725,49.35066798175,-11.342277820006586,-20.226888523696278,-21.69320879367849,1,sample_808
-54.0860645317889,-35.994621461441696,33.22757766717295,-5.375016757142556,-5.892437901263792,-23.20545379923853,0,sample_809
13.318603066272166,-45.79692433858248,34.73415864941431,-16.292766273633774,15.657231564304173,-21.635617457546328,1,sample_810
-49.449565037291144,-34.32368675675135,30.088826306419126,-8.855031506741334,9.778422111546968,-22.194457594909526,0,sample_811
17.032027249967253,-40.474632745479035,29.313661505479978,-15.383655717080094,15.420088728050363,-20.144813296581628,1,sample_812
-55.2657376055256,-36.80397727533699,30.75508141607042,-6.666404867006438,1.4031183644313983,-21.82537880719186,0,sample_813
16.92316108399573,-42.243022611465385,30.545198913156124,-20.004650649607893,9.338974445063702,-18.596686679137427,1,sample_814
-48.67232126204526,-27.030635153822377,19.371705255893808,-9.627220051086347,26.64009922995992,-23.403349814121103,0,sample_815
-14.711635995883642,-39.108103184346035,29.564789891904056,-16.08950904729809,19.470213182989518,-22.833247604477027,1,sample_816
-55.450561859258855,-35.43219361320077,28.522795746894197,-10.962764260466733,14.885685438556806,-29.65094680278154,0,sample_817
-0.10494674564892532,-37.44792616983074,25.152407472401375,16.697236901937877,21.057957148967652,-21.198814860135684,1,sample_818
-47.162773789036386,-30.762256804028496,28.609911887785383,0.6591400327106773,23.726619489354892,-31.424224696817905,0,sample_819
20.93666042992218,-39.812642300607145,25.728405099474962,30.76523118901457,17.487100355942058,-17.535803450919303,1,sample_820
-45.62295336055512,-28.869434644767935,24.91355899805477,-5.428547648074278,31.135074553874713,-19.198547227088508,0,sample_821
17.69129878043843,-35.374387529130345,19.009428365113,-15.219152690943542,31.42395486314626,-11.236666945966066,1,sample_822
-37.746619943338004,-22.348121904461973,8.595321574267414,-9.35471324758296,30.855635816589523,-19.79838262038885,0,sample_823
9.282592879378674,-35.632697511373316,17.330612249475895,-11.116663995579053,32.84291678774907,-20.667896729480155,1,sample_824
-59.14781756280286,-34.45058419929767,29.541128095342877,-9.63713074960315,-4.28464187419189,-25.218041340785717,0,sample_825
5.5153014507159845,-44.82228350319228,34.215618113335665,18.7727682388168,9.988560041755655,-21.017357252036934,1,sample_826
-52.20793157945051,-27.04782492555123,21.66440950962888,-11.0623396855181,10.065107736419789,-24.223225037899923,0,sample_827
-11.705277863205147,-37.65194318429172,30.07096417378212,-15.648268950427685,12.55081492448667,-21.273031429938822,1,sample_828
-57.67032558389482,-31.42740808578358,25.249476153902563,-13.018949478930903,-10.552042339808606,-18.995369331735972,0,sample_829
34.85167342997225,-38.58031947700088,18.937658441564036,33.167474306786886,32.19312460983248,-18.125275108107303,1,sample_830
-57.276962982586234,-20.514453522516142,13.746312009127681,-5.329287592810337,19.74279780310857,-24.88349307591,0,sample_831
16.554590102407115,-40.80544037879654,28.279369290476108,-16.387217549699432,9.104696426879636,-16.640608511406455,1,sample_832
-46.14206534511391,-30.10910781177557,26.5628418817404,2.8640742764529348,36.51500904350229,-20.380018286521604,0,sample_833
27.671445645178178,-41.89682437766928,26.244941342909687,32.43438298892297,33.383704250957386,-14.299630259096517,1,sample_834
-44.34063491297833,-26.81117159499753,19.31752588525671,-9.856498419375123,35.21016856351353,-25.344401444080773,0,sample_835
-9.021396335090309,-39.616698174729784,26.378825664018628,-16.399815806567755,24.235495933346286,-20.02133677185468,1,sample_836
-58.2867472788685,-36.10615515328824,26.757096074378158,-15.566010358899817,-12.92408920588927,-21.387147011646086,0,sample_837
-30.046993400126194,-37.58732384125865,25.237694362453663,-12.954029847440511,16.984537960556487,-19.807800431310362,1,sample_838
-45.60006757905414,-30.03317665669595,26.189857001814293,-4.095690470661943,28.17662046426784,-18.386444747793657,0,sample_839
-13.412731452040907,-38.07185831122377,32.18359029831605,-10.627604204932695,31.24206843397172,-21.592193650877565,1,sample_840
-49.11013055839998,-27.218372610077065,25.494511061548586,-5.976561321437657,23.864746430177252,-17.993482756351852,0,sample_841
36.23442697345036,-38.03216845201335,20.931720303562486,32.819911639541225,30.031405813408842,-9.418440462201804,1,sample_842
-47.7144987005896,-26.427940933730333,20.628574656305222,-2.0116556929049656,30.660852271127375,-24.159066384302616,0,sample_843
26.13319263743512,-40.07420917536549,26.03331063910621,-16.7636844564937,22.668118931336686,-19.552132975956063,1,sample_844
-65.82628261533773,-35.85281231649405,36.053325133477216,-13.562095262442035,1.1132643020436452,-29.145539678406767,0,sample_845
26.18841818829754,-42.82725353063845,28.42472143488811,24.834844609751432,15.781246031031227,-20.552017208562383,1,sample_846
-53.7493172950246,-32.46308434452978,25.35224789306333,-13.820006353237112,5.482494029207809,-20.980155251480856,0,sample_847
30.815479249164444,-36.26207165815403,16.554539210859268,-23.986426966883982,23.865221530699827,-15.20859423943884,1,sample_848
-48.52846759646451,-33.06376638078483,27.03017020264563,-4.693843981280694,13.664488452772193,-18.269604649243636,0,sample_849
-4.833194878165084,-45.012614789389964,37.951568814505144,-19.681801654771412,12.138933236100964,-18.669823349036495,1,sample_850
-66.30182490520856,-32.51860324283988,29.227332743698486,-17.10390205446888,0.10184175269888544,-26.146544337619538,0,sample_851
34.188172784577624,-38.841215270682355,19.006199855596787,26.91668299869266,26.081023994731847,-12.376866132901911,1,sample_852
-52.95986690107262,-38.351102616549475,38.14642136612375,1.4056883638980728,11.059210299143476,-29.16726688161424,0,sample_853
10.728317672015526,-41.881301910516875,33.46072521045145,-19.093785318887278,7.116886066257222,-20.842144689459015,1,sample_854
-35.95069571596293,-24.788176381633342,18.86242511758805,-3.512771741294177,23.926923022659278,-20.001962510275582,0,sample_855
-16.602493287433173,-30.04879390333997,23.715842558994115,-12.182267302309926,20.450437076023622,-23.173810105839976,1,sample_856
-41.36716957182255,-21.35476655299843,11.968755132657867,-6.136666094549461,28.156278535802397,-19.03549516429085,0,sample_857
-10.213261813479177,-40.02457937684038,32.03560893871952,-18.456796651020376,17.512991118091495,-20.679445587789505,1,sample_858
-49.220758030950314,-29.94486685942687,26.043648846601453,-4.13617526551044,17.725297809369174,-28.945522819170844,0,sample_859
27.400600642243507,-41.364723354768465,26.597015301931382,-14.626021201812886,14.450296536536245,-21.922265910980276,1,sample_860
-50.42657826322616,-33.143070892221374,26.495926277778405,-5.60202494733451,14.432004377660833,-28.201209355385103,0,sample_861
11.732830684864314,-31.31220998398657,13.967708282340407,-13.244060838357502,22.363992093840167,-18.355104871114268,1,sample_862
-45.341685202200026,-25.790150095447068,19.33051441481555,-2.792202187540603,24.088168564943853,-22.854234347558236,0,sample_863
-16.60625821310159,-43.386131389945746,39.976895259964294,-23.290725091414384,-2.53393172841222,-19.645929208172557,1,sample_864
